algorithm_id	artifact_id	artifact_revision	artifact_sha256	backend	canonical_v1_model_id	capabilities	class_name	default_params	environment	evidence_class	evidence_revision	execution_kind	execution_path	execution_surface	family	implementation_id	library	license	model_id	notes	package	priority	provider_script	repo_id	revision	routability	runtime_certified	runtime_status	source_alias	source_kind	source_revision	source_version	surface	task	variant_id
						"[""probability"", ""ranking""]"	UniformCandidateAdapter	{}							theory		builtin		uniform			p0											base_catalog	candidate	
						"[""probability"", ""ranking""]"	FrequencyCandidateAdapter	{}							frequency		builtin		frequency			p0											base_catalog	candidate	
						"[""probability"", ""exogenous""]"	LogisticRegression	"{""C"": 1.0, ""max_iter"": 1000}"							linear		sklearn		logistic		sklearn	p0											base_catalog	candidate	
						"[""position"", ""exogenous""]"	Ridge	"{""alpha"": 1.0}"							linear		sklearn		ridge-position		sklearn	p0											base_catalog	position_series	
						"[""position"", ""exogenous""]"	ElasticNet	"{""alpha"": 0.01, ""l1_ratio"": 0.5, ""max_iter"": 5000}"							linear		sklearn		elasticnet-position		sklearn	p1											base_catalog	position_series	
						"[""probability"", ""exogenous""]"	RandomForestClassifier	"{""min_samples_leaf"": 3, ""n_estimators"": 300, ""n_jobs"": -1}"							tree		sklearn		random-forest		sklearn	p1											base_catalog	candidate	
						"[""probability"", ""exogenous""]"	ExtraTreesClassifier	"{""min_samples_leaf"": 2, ""n_estimators"": 300, ""n_jobs"": -1}"							tree		sklearn		extra-trees		sklearn	p0											base_catalog	candidate	
						"[""probability"", ""exogenous""]"	HistGradientBoostingClassifier	"{""learning_rate"": 0.05, ""max_iter"": 200}"							tree		sklearn		hist-gradient-boosting		sklearn	p0											base_catalog	candidate	
						"[""probability"", ""ranking"", ""exogenous"", ""gpu_optional""]"	LGBMClassifier	"{""learning_rate"": 0.03, ""n_estimators"": 400, ""num_leaves"": 31}"							tree		lightgbm		lightgbm-classifier		lightgbm	p0											base_catalog	candidate	
						"[""position"", ""exogenous"", ""gpu_optional""]"	LGBMRegressor	"{""learning_rate"": 0.03, ""n_estimators"": 400}"							tree		lightgbm		lightgbm-position		lightgbm	p0											base_catalog	position_series	
						"[""probability"", ""exogenous"", ""gpu_optional""]"	XGBClassifier	"{""learning_rate"": 0.03, ""max_depth"": 5, ""n_estimators"": 400}"							tree		xgboost		xgboost-classifier		xgboost	p1											base_catalog	candidate	
						"[""probability"", ""exogenous"", ""gpu_optional""]"	CatBoostClassifier	"{""iterations"": 400, ""learning_rate"": 0.03, ""verbose"": false}"							tree		catboost		catboost-classifier		catboost	p1											base_catalog	candidate	
						[]	Naive	{}							statistical		statsforecast		stats-naive		statsforecast	p0											base_catalog	position_series	
						[]	HistoricAverage	{}							statistical		statsforecast		stats-historic-average		statsforecast	p0											base_catalog	position_series	
						[]	AutoARIMA	{}							statistical		statsforecast		stats-autoarima		statsforecast	p0											base_catalog	position_series	
						[]	AutoETS	{}							statistical		statsforecast		stats-autoets		statsforecast	p0											base_catalog	position_series	
						[]	AutoTheta	{}							statistical		statsforecast		stats-autotheta		statsforecast	p0											base_catalog	position_series	
						[]	AutoCES	{}							statistical		statsforecast		stats-autoces		statsforecast	p1											base_catalog	position_series	
						[]	CrostonClassic	{}							intermittent		statsforecast		stats-croston		statsforecast	p1											base_catalog	candidate_series	
						[]	TSB	{}							intermittent		statsforecast		stats-tsb		statsforecast	p1											base_catalog	candidate_series	
						"[""lags"", ""exogenous""]"	Ridge	{}							lag_ml		mlforecast		mlforecast-ridge		mlforecast	p0											base_catalog	position_series	
						"[""lags"", ""exogenous"", ""gpu_optional""]"	LGBMRegressor	{}							lag_ml		mlforecast		mlforecast-lightgbm		mlforecast	p0											base_catalog	position_series	
						"[""gpu"", ""checkpoint""]"	DLinear	{}							deep		neuralforecast		nf-dlinear		neuralforecast	p0											base_catalog	position_series	
						"[""gpu"", ""checkpoint""]"	NLinear	{}							deep		neuralforecast		nf-nlinear		neuralforecast	p0											base_catalog	position_series	
						"[""gpu"", ""checkpoint"", ""exogenous""]"	NHITS	{}							deep		neuralforecast		nf-nhits		neuralforecast	p0											base_catalog	position_series	
						"[""gpu"", ""checkpoint""]"	NBEATS	{}							deep		neuralforecast		nf-nbeats		neuralforecast	p1											base_catalog	position_series	
						"[""gpu"", ""checkpoint"", ""exogenous""]"	NBEATSx	{}							deep		neuralforecast		nf-nbeatsx		neuralforecast	p1											base_catalog	position_series	
						"[""gpu"", ""checkpoint"", ""exogenous""]"	TiDE	{}							deep		neuralforecast		nf-tide		neuralforecast	p0											base_catalog	position_series	
						"[""gpu"", ""checkpoint""]"	TCN	{}							deep		neuralforecast		nf-tcn		neuralforecast	p0											base_catalog	position_series	
						"[""gpu"", ""checkpoint""]"	GRU	{}							deep		neuralforecast		nf-gru		neuralforecast	p0											base_catalog	position_series	
						"[""gpu"", ""checkpoint""]"	LSTM	{}							deep		neuralforecast		nf-lstm		neuralforecast	p1											base_catalog	position_series	
						"[""gpu"", ""probabilistic""]"	DeepAR	{}							deep_probabilistic		neuralforecast		nf-deepar		neuralforecast	p1											base_catalog	position_series	
						"[""gpu"", ""exogenous"", ""attention""]"	TFT	{}							transformer		neuralforecast		nf-tft		neuralforecast	p1											base_catalog	position_series	
						"[""gpu""]"	PatchTST	{}							transformer		neuralforecast		nf-patchtst		neuralforecast	p1											base_catalog	position_series	
						"[""gpu""]"	TimesNet	{}							transformer		neuralforecast		nf-timesnet		neuralforecast	p1											base_catalog	position_series	
						"[""gpu"", ""multiseries""]"	TSMixer	{}							mixer		neuralforecast		nf-tsmixer		neuralforecast	p1											base_catalog	position_series	
						"[""gpu""]"	TimeMixer	{}							mixer		neuralforecast		nf-timemixer		neuralforecast	p2											base_catalog	position_series	
						"[""gpu"", ""multivariate""]"	iTransformer	{}							transformer		neuralforecast		nf-itransformer		neuralforecast	p2											base_catalog	position_series	
						"[""gpu""]"	VanillaTransformer	{}							transformer		neuralforecast		nf-vanilla-transformer		neuralforecast	p2											base_catalog	position_series	
						"[""gpu"", ""auto_hpo"", ""optuna"", ""ray"", ""checkpoint""]"	AutoRNN	{}							rnn		neuralforecast_auto		nf-auto-rnn	Official NeuralForecast AutoModel; backend/search resolved at runtime	neuralforecast	p1											base_catalog	position_series	
						"[""gpu"", ""auto_hpo"", ""optuna"", ""ray"", ""checkpoint""]"	AutoLSTM	{}							rnn		neuralforecast_auto		nf-auto-lstm	Official NeuralForecast AutoModel; backend/search resolved at runtime	neuralforecast	p1											base_catalog	position_series	
						"[""gpu"", ""auto_hpo"", ""optuna"", ""ray"", ""checkpoint""]"	AutoGRU	{}							rnn		neuralforecast_auto		nf-auto-gru	Official NeuralForecast AutoModel; backend/search resolved at runtime	neuralforecast	p1											base_catalog	position_series	
						"[""gpu"", ""auto_hpo"", ""optuna"", ""ray"", ""checkpoint""]"	AutoTCN	{}							cnn		neuralforecast_auto		nf-auto-tcn	Official NeuralForecast AutoModel; backend/search resolved at runtime	neuralforecast	p1											base_catalog	position_series	
						"[""gpu"", ""auto_hpo"", ""optuna"", ""ray"", ""checkpoint""]"	AutoDeepAR	{}							deep_probabilistic		neuralforecast_auto		nf-auto-deepar	Official NeuralForecast AutoModel; backend/search resolved at runtime	neuralforecast	p1											base_catalog	position_series	
						"[""gpu"", ""auto_hpo"", ""optuna"", ""ray"", ""checkpoint""]"	AutoDilatedRNN	{}							rnn		neuralforecast_auto		nf-auto-dilatedrnn	Official NeuralForecast AutoModel; backend/search resolved at runtime	neuralforecast	p1											base_catalog	position_series	
						"[""gpu"", ""auto_hpo"", ""optuna"", ""ray"", ""checkpoint""]"	AutoBiTCN	{}							cnn		neuralforecast_auto		nf-auto-bitcn	Official NeuralForecast AutoModel; backend/search resolved at runtime	neuralforecast	p1											base_catalog	position_series	
						"[""gpu"", ""auto_hpo"", ""optuna"", ""ray"", ""checkpoint""]"	AutoMLP	{}							mlp		neuralforecast_auto		nf-auto-mlp	Official NeuralForecast AutoModel; backend/search resolved at runtime	neuralforecast	p1											base_catalog	position_series	
						"[""gpu"", ""auto_hpo"", ""optuna"", ""ray"", ""checkpoint""]"	AutoNBEATS	{}							mlp		neuralforecast_auto		nf-auto-nbeats	Official NeuralForecast AutoModel; backend/search resolved at runtime	neuralforecast	p1											base_catalog	position_series	
						"[""gpu"", ""auto_hpo"", ""optuna"", ""ray"", ""checkpoint""]"	AutoNBEATSx	{}							mlp		neuralforecast_auto		nf-auto-nbeatsx	Official NeuralForecast AutoModel; backend/search resolved at runtime	neuralforecast	p1											base_catalog	position_series	
						"[""gpu"", ""auto_hpo"", ""optuna"", ""ray"", ""checkpoint""]"	AutoNHITS	{}							mlp		neuralforecast_auto		nf-auto-nhits	Official NeuralForecast AutoModel; backend/search resolved at runtime	neuralforecast	p1											base_catalog	position_series	
						"[""gpu"", ""auto_hpo"", ""optuna"", ""ray"", ""checkpoint""]"	AutoDLinear	{}							linear		neuralforecast_auto		nf-auto-dlinear	Official NeuralForecast AutoModel; backend/search resolved at runtime	neuralforecast	p1											base_catalog	position_series	
						"[""gpu"", ""auto_hpo"", ""optuna"", ""ray"", ""checkpoint""]"	AutoNLinear	{}							linear		neuralforecast_auto		nf-auto-nlinear	Official NeuralForecast AutoModel; backend/search resolved at runtime	neuralforecast	p1											base_catalog	position_series	
						"[""gpu"", ""auto_hpo"", ""optuna"", ""ray"", ""checkpoint""]"	AutoTiDE	{}							mlp		neuralforecast_auto		nf-auto-tide	Official NeuralForecast AutoModel; backend/search resolved at runtime	neuralforecast	p1											base_catalog	position_series	
						"[""gpu"", ""auto_hpo"", ""optuna"", ""ray"", ""checkpoint""]"	AutoDeepNPTS	{}							deep_probabilistic		neuralforecast_auto		nf-auto-deepnpts	Official NeuralForecast AutoModel; backend/search resolved at runtime	neuralforecast	p1											base_catalog	position_series	
						"[""gpu"", ""auto_hpo"", ""optuna"", ""ray"", ""checkpoint""]"	AutoKAN	{}							kan		neuralforecast_auto		nf-auto-kan	Official NeuralForecast AutoModel; backend/search resolved at runtime	neuralforecast	p1											base_catalog	position_series	
						"[""gpu"", ""auto_hpo"", ""optuna"", ""ray"", ""checkpoint""]"	AutoTFT	{}							transformer		neuralforecast_auto		nf-auto-tft	Official NeuralForecast AutoModel; backend/search resolved at runtime	neuralforecast	p1											base_catalog	position_series	
						"[""gpu"", ""auto_hpo"", ""optuna"", ""ray"", ""checkpoint""]"	AutoVanillaTransformer	{}							transformer		neuralforecast_auto		nf-auto-vanilla-transformer	Official NeuralForecast AutoModel; backend/search resolved at runtime	neuralforecast	p1											base_catalog	position_series	
						"[""gpu"", ""auto_hpo"", ""optuna"", ""ray"", ""checkpoint""]"	AutoInformer	{}							transformer		neuralforecast_auto		nf-auto-informer	Official NeuralForecast AutoModel; backend/search resolved at runtime	neuralforecast	p1											base_catalog	position_series	
						"[""gpu"", ""auto_hpo"", ""optuna"", ""ray"", ""checkpoint""]"	AutoAutoformer	{}							transformer		neuralforecast_auto		nf-auto-autoformer	Official NeuralForecast AutoModel; backend/search resolved at runtime	neuralforecast	p1											base_catalog	position_series	
						"[""gpu"", ""auto_hpo"", ""optuna"", ""ray"", ""checkpoint""]"	AutoFEDformer	{}							transformer		neuralforecast_auto		nf-auto-fedformer	Official NeuralForecast AutoModel; backend/search resolved at runtime	neuralforecast	p1											base_catalog	position_series	
						"[""gpu"", ""auto_hpo"", ""optuna"", ""ray"", ""checkpoint""]"	AutoPatchTST	{}							transformer		neuralforecast_auto		nf-auto-patchtst	Official NeuralForecast AutoModel; backend/search resolved at runtime	neuralforecast	p1											base_catalog	position_series	
						"[""gpu"", ""auto_hpo"", ""optuna"", ""ray"", ""checkpoint""]"	AutoiTransformer	{}							transformer		neuralforecast_auto		nf-auto-itransformer	Official NeuralForecast AutoModel; backend/search resolved at runtime	neuralforecast	p1											base_catalog	position_series	
						"[""gpu"", ""auto_hpo"", ""optuna"", ""ray"", ""checkpoint""]"	AutoTimeXer	{}							transformer		neuralforecast_auto		nf-auto-timexer	Official NeuralForecast AutoModel; backend/search resolved at runtime	neuralforecast	p1											base_catalog	position_series	
						"[""gpu"", ""auto_hpo"", ""optuna"", ""ray"", ""checkpoint""]"	AutoTimesNet	{}							transformer		neuralforecast_auto		nf-auto-timesnet	Official NeuralForecast AutoModel; backend/search resolved at runtime	neuralforecast	p1											base_catalog	position_series	
						"[""gpu"", ""auto_hpo"", ""optuna"", ""ray"", ""checkpoint""]"	AutoStemGNN	{}							graph		neuralforecast_auto		nf-auto-stemgnn	Official NeuralForecast AutoModel; backend/search resolved at runtime	neuralforecast	p1											base_catalog	position_series	
						"[""gpu"", ""auto_hpo"", ""optuna"", ""ray"", ""checkpoint""]"	AutoHINT	{}							hierarchical		neuralforecast_auto		nf-auto-hint	Official NeuralForecast AutoModel; backend/search resolved at runtime	neuralforecast	p1											base_catalog	position_series	
						"[""gpu"", ""auto_hpo"", ""optuna"", ""ray"", ""checkpoint""]"	AutoTSMixer	{}							mixer		neuralforecast_auto		nf-auto-tsmixer	Official NeuralForecast AutoModel; backend/search resolved at runtime	neuralforecast	p1											base_catalog	position_series	
						"[""gpu"", ""auto_hpo"", ""optuna"", ""ray"", ""checkpoint""]"	AutoTSMixerx	{}							mixer		neuralforecast_auto		nf-auto-tsmixerx	Official NeuralForecast AutoModel; backend/search resolved at runtime	neuralforecast	p1											base_catalog	position_series	
						"[""gpu"", ""auto_hpo"", ""optuna"", ""ray"", ""checkpoint""]"	AutoMLPMultivariate	{}							mlp		neuralforecast_auto		nf-auto-mlp-multivariate	Official NeuralForecast AutoModel; backend/search resolved at runtime	neuralforecast	p1											base_catalog	position_series	
						"[""gpu"", ""auto_hpo"", ""optuna"", ""ray"", ""checkpoint""]"	AutoSOFTS	{}							mixer		neuralforecast_auto		nf-auto-softs	Official NeuralForecast AutoModel; backend/search resolved at runtime	neuralforecast	p1											base_catalog	position_series	
						"[""gpu"", ""auto_hpo"", ""optuna"", ""ray"", ""checkpoint""]"	AutoTimeMixer	{}							mixer		neuralforecast_auto		nf-auto-timemixer	Official NeuralForecast AutoModel; backend/search resolved at runtime	neuralforecast	p1											base_catalog	position_series	
						"[""gpu"", ""auto_hpo"", ""optuna"", ""ray"", ""checkpoint""]"	AutoRMoK	{}							kan		neuralforecast_auto		nf-auto-rmok	Official NeuralForecast AutoModel; backend/search resolved at runtime	neuralforecast	p1											base_catalog	position_series	
						"[""gpu"", ""auto_hpo"", ""optuna"", ""ray"", ""checkpoint"", ""multivariate""]"	AutoSOFTSSharp	{}							mixer		neuralforecast_auto		nf-auto-softssharp	Official NeuralForecast AutoModel; requires n_series and multivariate input	neuralforecast	p1											base_catalog	position_series	
						"[""gpu"", ""auto_hpo"", ""optuna"", ""ray"", ""checkpoint"", ""multivariate""]"	AutoXLinear	{}							linear		neuralforecast_auto		nf-auto-xlinear	Official NeuralForecast AutoModel; requires n_series and multivariate input	neuralforecast	p1											base_catalog	position_series	
						"[""gpu"", ""auto_hpo"", ""optuna"", ""ray"", ""checkpoint""]"	AutoxLSTM	{}							rnn		neuralforecast_auto		nf-auto-xlstm	Official NeuralForecast AutoModel; backend/search resolved at runtime	neuralforecast	p1											base_catalog	position_series	
						"[""ensemble"", ""probabilistic"", ""zero_shot""]"	TimeSeriesPredictor	{}							automl		autogluon		autogluon-timeseries		autogluon	p1											base_catalog	position_series	
						"[""ensemble"", ""probabilistic""]"	RegressionEnsembleModel	{}							framework		darts		darts-ensemble		darts	p2											base_catalog	position_series	
						"[""probabilistic""]"	DeepAREstimator	"{""context_length"": 16, ""epochs"": 1, ""num_batches_per_epoch"": 2, ""num_samples"": 20}"							deep_probabilistic		gluonts		gluonts-deepar		gluonts	p2											base_catalog	position_series	
						"[""position""]"	ESN	"{""leak_rate"": 0.3, ""reservoir_size"": 50, ""ridge_alpha"": 1e-06, ""spectral_radius"": 0.9}"							reservoir		reservoirpy		reservoir-esn		reservoirpy	p1											base_catalog	position	
						"[""zero_shot"", ""probabilistic"", ""gpu_optional""]"	ChronosBoltPipeline	"{""model_name"": ""amazon/chronos-bolt-tiny"", ""revision"": ""a0e552de83495b5c28c14c71c374f3e33280b340""}"							tsfm		chronos		chronos-bolt-tiny		chronos	p1											base_catalog	foundation	
						"[""zero_shot"", ""probabilistic"", ""gpu""]"	ChronosPipeline	"{""model_name"": ""amazon/chronos-t5-small"", ""num_samples"": 20, ""revision"": ""a971ba21945c4f1796b17a91fe69214b5f4ad472""}"							tsfm		chronos		chronos-t5-small		chronos	p1											base_catalog	foundation	
						"[""zero_shot"", ""fine_tuning"", ""exogenous"", ""probabilistic"", ""gpu""]"	Chronos2Pipeline	"{""batch_size"": 256, ""context_length"": 512, ""cross_learning"": false, ""model_name"": ""amazon/chronos-2"", ""revision"": ""29ec3766d36d6f73f0696f85560a422f50e8498c""}"							tsfm		chronos		chronos-2		chronos	p0											base_catalog	foundation	
						"[""zero_shot"", ""fine_tuning"", ""exogenous""]"	Chronos2Pipeline	"{""model_name"": ""autogluon/chronos-2-small""}"							tsfm		chronos		chronos-2-small		chronos	p1											base_catalog	foundation	
						"[""zero_shot"", ""fine_tuning"", ""exogenous"", ""gpu""]"	TimesFM	{}							tsfm		timesfm		timesfm-2.5		timesfm	p1											base_catalog	foundation	
						"[""zero_shot"", ""fine_tuning"", ""gpu_optional""]"	TinyTimeMixerForPrediction	{}							tsfm		transformers		granite-ttm		transformers	p1											base_catalog	foundation	
						"[""zero_shot"", ""probabilistic"", ""gpu_optional""]"	TiRex	"{""model_name"": ""NX-AI/TiRex-2"", ""revision"": ""05e5b26db52bfb256f1ae1bdf785589850482de3""}"							tsfm		tirex		tirex		tirex	p1											base_catalog	foundation	
						"[""zero_shot"", ""probabilistic"", ""gpu""]"	Moirai2Forecast	"{""model_name"": ""Salesforce/moirai-2.0-R-small"", ""revision"": ""30f43ff08c8494f4943ae1521e9d4e94a0fbb389""}"							tsfm		uni2ts		moirai		uni2ts	p2											base_catalog	foundation	
						"[""zero_shot"", ""generative"", ""gpu""]"	SundialForPrediction	"{""model_name"": ""thuml/sundial-base-128m"", ""revision"": ""3212e42564493f520593e5414af4367fc4b49226"", ""trust_remote_code"": true}"							tsfm		transformers		sundial		transformers	p2											base_catalog	foundation	
						"[""zero_shot"", ""probability"", ""gpu_optional""]"	TabPFNTimeSeries	{}							foundation_tabular		tabpfn_time_series		tabpfn-ts		tabpfn_time_series	p1											base_catalog	candidate	
						"[""probability"", ""ranking"", ""control""]"	UniformCandidateAdapter	{}							theory		builtin		uniform	exact theoretical uniform; mandatory control		p0											broad_v1	candidate	
						"[""probability"", ""ranking""]"	FrequencyCandidateAdapter	{}							frequency		builtin		frequency			p0											broad_v1	candidate	
						"[""position"", ""control""]"	TheoryMedianAdapter	{}							theory		builtin		position-median	exact MAE-floor predictor; mandatory control		p0											broad_v1	position	
						"[""position"", ""control""]"	TheoryModalAdapter	{}							theory		builtin		position-modal	exact within-tau ceiling predictor; mandatory control		p0											broad_v1	position	
						"[""probability"", ""exogenous""]"	LogisticRegression	"{""C"": 1.0, ""max_iter"": 1000}"							linear		sklearn		logistic		sklearn	p0											broad_v1	candidate	
						"[""position"", ""exogenous""]"	Ridge	"{""alpha"": 1.0}"							linear		sklearn		ridge		sklearn	p0											broad_v1	position	
						"[""position"", ""exogenous""]"	ElasticNet	"{""alpha"": 0.01, ""l1_ratio"": 0.5, ""max_iter"": 5000}"							linear		sklearn		elastic-net		sklearn	p1											broad_v1	position	
						"[""probability"", ""exogenous""]"	RandomForestClassifier	"{""min_samples_leaf"": 3, ""n_estimators"": 300, ""n_jobs"": -1}"							tree		sklearn		random-forest		sklearn	p0											broad_v1	candidate	
						"[""probability"", ""exogenous""]"	ExtraTreesClassifier	"{""min_samples_leaf"": 2, ""n_estimators"": 300, ""n_jobs"": -1}"							tree		sklearn		extra-trees		sklearn	p0											broad_v1	candidate	
						"[""probability"", ""exogenous""]"	HistGradientBoostingClassifier	"{""learning_rate"": 0.05, ""max_iter"": 200}"							tree		sklearn		hist-gradient-boosting		sklearn	p0											broad_v1	candidate	
						"[""probability"", ""calibration""]"	CalibratedClassifierCV	"{""cv"": 3, ""method"": ""isotonic""}"							calibrated		sklearn		isotonic-calibrated-logistic	wraps logistic; makes the calibration layer measurable	sklearn	p1											broad_v1	candidate	
						"[""probability"", ""exogenous""]"	LGBMClassifier	"{""learning_rate"": 0.03, ""n_estimators"": 400, ""num_leaves"": 31}"							tree		lightgbm		lightgbm-classifier		lightgbm	p0											broad_v1	candidate	
						"[""position"", ""exogenous""]"	LGBMRegressor	"{""learning_rate"": 0.03, ""n_estimators"": 400}"							tree		lightgbm		lightgbm-position		lightgbm	p1											broad_v1	position	
						"[""probability"", ""exogenous""]"	XGBClassifier	"{""learning_rate"": 0.03, ""max_depth"": 5, ""n_estimators"": 400}"							tree		xgboost		xgboost-classifier		xgboost	p1											broad_v1	candidate	
						"[""probability"", ""exogenous""]"	CatBoostClassifier	"{""iterations"": 400, ""learning_rate"": 0.03, ""verbose"": false}"							tree		catboost		catboost-classifier		catboost	p1											broad_v1	candidate	
						"[""position""]"	AutoARIMA	{}							arima		statsforecast		sf-autoarima		statsforecast	p1											broad_v1	position_series	
						"[""position""]"	AutoETS	{}							exponential_smoothing		statsforecast		sf-autoets		statsforecast	p1											broad_v1	position_series	
						"[""position""]"	AutoCES	{}							exponential_smoothing		statsforecast		sf-autoces		statsforecast	p1											broad_v1	position_series	
						"[""position""]"	AutoTheta	{}							theta		statsforecast		sf-autotheta		statsforecast	p1											broad_v1	position_series	
						"[""position""]"	AutoMFLES	{}							decomposition		statsforecast		sf-automfles		statsforecast	p1											broad_v1	position_series	
						"[""position""]"	AutoTBATS	{}							decomposition		statsforecast		sf-autotbats		statsforecast	p1											broad_v1	position_series	
						"[""position""]"	ARIMA	{}							arima		statsforecast		sf-arima		statsforecast	p1											broad_v1	position_series	
						"[""position""]"	AutoRegressive	{}							arima		statsforecast		sf-autoregressive		statsforecast	p1											broad_v1	position_series	
						"[""position""]"	SimpleExponentialSmoothing	{}							exponential_smoothing		statsforecast		sf-simpleexponentialsmoothing		statsforecast	p1											broad_v1	position_series	
						"[""position""]"	SimpleExponentialSmoothingOptimized	{}							exponential_smoothing		statsforecast		sf-simpleexponentialsmoothingoptimized		statsforecast	p1											broad_v1	position_series	
						"[""position""]"	SeasonalExponentialSmoothing	{}							exponential_smoothing		statsforecast		sf-seasonalexponentialsmoothing		statsforecast	p1											broad_v1	position_series	
						"[""position""]"	SeasonalExponentialSmoothingOptimized	{}							exponential_smoothing		statsforecast		sf-seasonalexponentialsmoothingoptimized		statsforecast	p1											broad_v1	position_series	
						"[""position""]"	Holt	{}							exponential_smoothing		statsforecast		sf-holt		statsforecast	p1											broad_v1	position_series	
						"[""position""]"	HoltWinters	{}							exponential_smoothing		statsforecast		sf-holtwinters		statsforecast	p1											broad_v1	position_series	
						"[""position""]"	HistoricAverage	{}							baseline		statsforecast		sf-historicaverage	mandatory control	statsforecast	p0											broad_v1	position_series	
						"[""position""]"	Naive	{}							baseline		statsforecast		sf-naive	mandatory control	statsforecast	p0											broad_v1	position_series	
						"[""position""]"	RandomWalkWithDrift	{}							baseline		statsforecast		sf-randomwalkwithdrift		statsforecast	p0											broad_v1	position_series	
						"[""position""]"	SeasonalNaive	{}							baseline		statsforecast		sf-seasonalnaive	mandatory control	statsforecast	p0											broad_v1	position_series	
						"[""position"", ""probability""]"	ConformalSeasonalPool	{}							conformal		statsforecast		sf-conformalseasonalpool		statsforecast	p0											broad_v1	position_series	
						"[""position""]"	WindowAverage	{}							baseline		statsforecast		sf-windowaverage		statsforecast	p0											broad_v1	position_series	
						"[""position""]"	SeasonalWindowAverage	{}							baseline		statsforecast		sf-seasonalwindowaverage		statsforecast	p0											broad_v1	position_series	
						"[""position""]"	ADIDA	{}							intermittent		statsforecast		sf-adida		statsforecast	p1											broad_v1	position_series	
						"[""position""]"	CrostonClassic	{}							intermittent		statsforecast		sf-crostonclassic		statsforecast	p1											broad_v1	position_series	
						"[""position""]"	CrostonOptimized	{}							intermittent		statsforecast		sf-crostonoptimized		statsforecast	p1											broad_v1	position_series	
						"[""position""]"	CrostonSBA	{}							intermittent		statsforecast		sf-crostonsba		statsforecast	p1											broad_v1	position_series	
						"[""position""]"	IMAPA	{}							intermittent		statsforecast		sf-imapa		statsforecast	p1											broad_v1	position_series	
						"[""position""]"	TSB	{}							intermittent		statsforecast		sf-tsb		statsforecast	p1											broad_v1	position_series	
						"[""position""]"	MSTL	{}							decomposition		statsforecast		sf-mstl		statsforecast	p1											broad_v1	position_series	
						"[""position""]"	MFLES	{}							decomposition		statsforecast		sf-mfles		statsforecast	p1											broad_v1	position_series	
						"[""position""]"	TBATS	{}							decomposition		statsforecast		sf-tbats		statsforecast	p1											broad_v1	position_series	
						"[""position""]"	Theta	{}							theta		statsforecast		sf-theta		statsforecast	p1											broad_v1	position_series	
						"[""position""]"	OptimizedTheta	{}							theta		statsforecast		sf-optimizedtheta		statsforecast	p1											broad_v1	position_series	
						"[""position""]"	DynamicTheta	{}							theta		statsforecast		sf-dynamictheta		statsforecast	p1											broad_v1	position_series	
						"[""position""]"	DynamicOptimizedTheta	{}							theta		statsforecast		sf-dynamicoptimizedtheta		statsforecast	p1											broad_v1	position_series	
						"[""position""]"	GARCH	{}							volatility		statsforecast		sf-garch		statsforecast	p1											broad_v1	position_series	
						"[""position""]"	ARCH	{}							volatility		statsforecast		sf-arch		statsforecast	p1											broad_v1	position_series	
						"[""position""]"	SklearnModel	{}							wrapper		statsforecast		sf-sklearnmodel		statsforecast	p1											broad_v1	position_series	
						"[""position""]"	ConstantModel	{}							baseline		statsforecast		sf-constantmodel		statsforecast	p0											broad_v1	position_series	
						"[""position""]"	ZeroModel	{}							baseline		statsforecast		sf-zeromodel		statsforecast	p0											broad_v1	position_series	
						"[""position""]"	NaNModel	{}							baseline		statsforecast		sf-nanmodel		statsforecast	p0											broad_v1	position_series	
						"[""position""]"	UCM	{}							decomposition		statsforecast		sf-ucm		statsforecast	p1											broad_v1	position_series	
						"[""position""]"	RNN	{}							rnn		neuralforecast		nf-rnn		neuralforecast	p1											broad_v1	position_series	
						"[""position""]"	GRU	{}							rnn		neuralforecast		nf-gru		neuralforecast	p1											broad_v1	position_series	
						"[""position""]"	LSTM	{}							rnn		neuralforecast		nf-lstm		neuralforecast	p1											broad_v1	position_series	
						"[""position""]"	TCN	{}							cnn		neuralforecast		nf-tcn		neuralforecast	p1											broad_v1	position_series	
						"[""position"", ""probability""]"	DeepAR	{}							deep_probabilistic		neuralforecast		nf-deepar		neuralforecast	p1											broad_v1	position_series	
						"[""position""]"	DilatedRNN	{}							rnn		neuralforecast		nf-dilatedrnn		neuralforecast	p1											broad_v1	position_series	
						"[""position""]"	MLP	{}							mlp		neuralforecast		nf-mlp		neuralforecast	p1											broad_v1	position_series	
						"[""position""]"	NHITS	{}							mlp		neuralforecast		nf-nhits		neuralforecast	p1											broad_v1	position_series	
						"[""position""]"	NBEATS	{}							mlp		neuralforecast		nf-nbeats		neuralforecast	p1											broad_v1	position_series	
						"[""position"", ""exogenous""]"	NBEATSx	{}							mlp		neuralforecast		nf-nbeatsx		neuralforecast	p1											broad_v1	position_series	
						"[""position""]"	DLinear	{}							linear		neuralforecast		nf-dlinear		neuralforecast	p1											broad_v1	position_series	
						"[""position""]"	NLinear	{}							linear		neuralforecast		nf-nlinear		neuralforecast	p1											broad_v1	position_series	
						"[""position"", ""exogenous"", ""probability""]"	TFT	{}							transformer		neuralforecast		nf-tft		neuralforecast	p1											broad_v1	position_series	
						"[""position""]"	VanillaTransformer	{}							transformer		neuralforecast		nf-vanillatransformer		neuralforecast	p1											broad_v1	position_series	
						"[""position""]"	Informer	{}							transformer		neuralforecast		nf-informer		neuralforecast	p1											broad_v1	position_series	
						"[""position""]"	Autoformer	{}							transformer		neuralforecast		nf-autoformer	FFT kernel: forces 32-true precision	neuralforecast	p1											broad_v1	position_series	
						"[""position""]"	PatchTST	{}							transformer		neuralforecast		nf-patchtst		neuralforecast	p1											broad_v1	position_series	
						"[""position""]"	FEDformer	{}							transformer		neuralforecast		nf-fedformer	FFT kernel: forces 32-true precision	neuralforecast	p1											broad_v1	position_series	
						"[""position"", ""multivariate""]"	StemGNN	{}							graph		neuralforecast		nf-stemgnn		neuralforecast	p1											broad_v1	position_series	
						"[""position"", ""probability""]"	HINT	{}							hierarchical		neuralforecast		nf-hint		neuralforecast	p1											broad_v1	position_series	
						"[""position""]"	TimesNet	{}							transformer		neuralforecast		nf-timesnet	FFT kernel: forces 32-true precision	neuralforecast	p1											broad_v1	position_series	
						"[""position""]"	TimeLLM	{}							transformer		neuralforecast		nf-timellm		neuralforecast	p1											broad_v1	position_series	
						"[""position"", ""multivariate""]"	TSMixer	{}							mixer		neuralforecast		nf-tsmixer		neuralforecast	p1											broad_v1	position_series	
						"[""position"", ""exogenous"", ""multivariate""]"	TSMixerx	{}							mixer		neuralforecast		nf-tsmixerx		neuralforecast	p1											broad_v1	position_series	
						"[""position"", ""multivariate""]"	MLPMultivariate	{}							mlp		neuralforecast		nf-mlpmultivariate		neuralforecast	p1											broad_v1	position_series	
						"[""position"", ""multivariate""]"	iTransformer	{}							transformer		neuralforecast		nf-itransformer		neuralforecast	p1											broad_v1	position_series	
						"[""position"", ""exogenous""]"	BiTCN	{}							cnn		neuralforecast		nf-bitcn		neuralforecast	p1											broad_v1	position_series	
						"[""position"", ""exogenous""]"	TiDE	{}							mlp		neuralforecast		nf-tide		neuralforecast	p1											broad_v1	position_series	
						"[""position"", ""probability""]"	DeepNPTS	{}							deep_probabilistic		neuralforecast		nf-deepnpts		neuralforecast	p1											broad_v1	position_series	
						"[""position"", ""multivariate""]"	SOFTS	{}							mixer		neuralforecast		nf-softs		neuralforecast	p1											broad_v1	position_series	
						"[""position"", ""multivariate""]"	SOFTSSharp	{}							mixer		neuralforecast		nf-softssharp		neuralforecast	p1											broad_v1	position_series	
						"[""position"", ""multivariate""]"	TimeMixer	{}							mixer		neuralforecast		nf-timemixer	FFT kernel: forces 32-true precision	neuralforecast	p1											broad_v1	position_series	
						"[""position""]"	KAN	{}							kan		neuralforecast		nf-kan		neuralforecast	p1											broad_v1	position_series	
						"[""position"", ""multivariate""]"	RMoK	{}							kan		neuralforecast		nf-rmok		neuralforecast	p1											broad_v1	position_series	
						"[""position"", ""exogenous""]"	TimeXer	{}							transformer		neuralforecast		nf-timexer		neuralforecast	p1											broad_v1	position_series	
						"[""position""]"	xLSTM	{}							rnn		neuralforecast		nf-xlstm		neuralforecast	p1											broad_v1	position_series	
						"[""position""]"	XLinear	{}							linear		neuralforecast		nf-xlinear		neuralforecast	p1											broad_v1	position_series	
						"[""position"", ""hpo""]"	AutoRNN	{}							rnn		neuralforecast_auto		nfauto-rnn	official AutoModel; backend/search resolved at runtime	neuralforecast	p1											broad_v1	position_series	
						"[""position"", ""hpo""]"	AutoLSTM	{}							rnn		neuralforecast_auto		nfauto-lstm	official AutoModel; backend/search resolved at runtime	neuralforecast	p1											broad_v1	position_series	
						"[""position"", ""hpo""]"	AutoGRU	{}							rnn		neuralforecast_auto		nfauto-gru	official AutoModel; backend/search resolved at runtime	neuralforecast	p1											broad_v1	position_series	
						"[""position"", ""hpo""]"	AutoTCN	{}							cnn		neuralforecast_auto		nfauto-tcn	official AutoModel; backend/search resolved at runtime	neuralforecast	p1											broad_v1	position_series	
						"[""position"", ""hpo""]"	AutoDeepAR	{}							deep_probabilistic		neuralforecast_auto		nfauto-deepar	official AutoModel; backend/search resolved at runtime	neuralforecast	p1											broad_v1	position_series	
						"[""position"", ""hpo""]"	AutoDilatedRNN	{}							rnn		neuralforecast_auto		nfauto-dilatedrnn	official AutoModel; backend/search resolved at runtime	neuralforecast	p1											broad_v1	position_series	
						"[""position"", ""hpo""]"	AutoBiTCN	{}							cnn		neuralforecast_auto		nfauto-bitcn	official AutoModel; backend/search resolved at runtime	neuralforecast	p1											broad_v1	position_series	
						"[""position"", ""hpo""]"	AutoxLSTM	{}							rnn		neuralforecast_auto		nfauto-xlstm	official AutoModel; backend/search resolved at runtime	neuralforecast	p1											broad_v1	position_series	
						"[""position"", ""hpo""]"	AutoMLP	{}							mlp		neuralforecast_auto		nfauto-mlp	official AutoModel; backend/search resolved at runtime	neuralforecast	p1											broad_v1	position_series	
						"[""position"", ""hpo""]"	AutoNBEATS	{}							mlp		neuralforecast_auto		nfauto-nbeats	official AutoModel; backend/search resolved at runtime	neuralforecast	p1											broad_v1	position_series	
						"[""position"", ""hpo""]"	AutoNBEATSx	{}							mlp		neuralforecast_auto		nfauto-nbeatsx	official AutoModel; backend/search resolved at runtime	neuralforecast	p1											broad_v1	position_series	
						"[""position"", ""hpo""]"	AutoNHITS	{}							mlp		neuralforecast_auto		nfauto-nhits	official AutoModel; backend/search resolved at runtime	neuralforecast	p1											broad_v1	position_series	
						"[""position"", ""hpo""]"	AutoDLinear	{}							linear		neuralforecast_auto		nfauto-dlinear	official AutoModel; backend/search resolved at runtime	neuralforecast	p1											broad_v1	position_series	
						"[""position"", ""hpo""]"	AutoNLinear	{}							linear		neuralforecast_auto		nfauto-nlinear	official AutoModel; backend/search resolved at runtime	neuralforecast	p1											broad_v1	position_series	
						"[""position"", ""hpo""]"	AutoTiDE	{}							mlp		neuralforecast_auto		nfauto-tide	official AutoModel; backend/search resolved at runtime	neuralforecast	p1											broad_v1	position_series	
						"[""position"", ""hpo""]"	AutoDeepNPTS	{}							deep_probabilistic		neuralforecast_auto		nfauto-deepnpts	official AutoModel; backend/search resolved at runtime	neuralforecast	p1											broad_v1	position_series	
						"[""position"", ""hpo""]"	AutoKAN	{}							kan		neuralforecast_auto		nfauto-kan	official AutoModel; backend/search resolved at runtime	neuralforecast	p1											broad_v1	position_series	
						"[""position"", ""hpo""]"	AutoTFT	{}							transformer		neuralforecast_auto		nfauto-tft	official AutoModel; backend/search resolved at runtime	neuralforecast	p1											broad_v1	position_series	
						"[""position"", ""hpo""]"	AutoVanillaTransformer	{}							transformer		neuralforecast_auto		nfauto-vanillatransformer	official AutoModel; backend/search resolved at runtime	neuralforecast	p1											broad_v1	position_series	
						"[""position"", ""hpo""]"	AutoInformer	{}							transformer		neuralforecast_auto		nfauto-informer	official AutoModel; backend/search resolved at runtime	neuralforecast	p1											broad_v1	position_series	
						"[""position"", ""hpo""]"	AutoAutoformer	{}							transformer		neuralforecast_auto		nfauto-autoformer	official AutoModel; backend/search resolved at runtime; FFT kernel forces 32-true precision	neuralforecast	p1											broad_v1	position_series	
						"[""position"", ""hpo""]"	AutoFEDformer	{}							transformer		neuralforecast_auto		nfauto-fedformer	official AutoModel; backend/search resolved at runtime; FFT kernel forces 32-true precision	neuralforecast	p1											broad_v1	position_series	
						"[""position"", ""hpo""]"	AutoPatchTST	{}							transformer		neuralforecast_auto		nfauto-patchtst	official AutoModel; backend/search resolved at runtime	neuralforecast	p1											broad_v1	position_series	
						"[""position"", ""hpo"", ""multivariate""]"	AutoiTransformer	{}							transformer		neuralforecast_auto		nfauto-itransformer	official AutoModel; backend/search resolved at runtime	neuralforecast	p1											broad_v1	position_series	
						"[""position"", ""hpo""]"	AutoTimeXer	{}							transformer		neuralforecast_auto		nfauto-timexer	official AutoModel; backend/search resolved at runtime	neuralforecast	p1											broad_v1	position_series	
						"[""position"", ""hpo""]"	AutoTimesNet	{}							transformer		neuralforecast_auto		nfauto-timesnet	official AutoModel; backend/search resolved at runtime; FFT kernel forces 32-true precision	neuralforecast	p1											broad_v1	position_series	
						"[""position"", ""hpo"", ""multivariate""]"	AutoStemGNN	{}							graph		neuralforecast_auto		nfauto-stemgnn	official AutoModel; backend/search resolved at runtime	neuralforecast	p1											broad_v1	position_series	
						"[""position"", ""hpo""]"	AutoHINT	{}							hierarchical		neuralforecast_auto		nfauto-hint	official AutoModel; backend/search resolved at runtime	neuralforecast	p1											broad_v1	position_series	
						"[""position"", ""hpo"", ""multivariate""]"	AutoTSMixer	{}							mixer		neuralforecast_auto		nfauto-tsmixer	official AutoModel; backend/search resolved at runtime	neuralforecast	p1											broad_v1	position_series	
						"[""position"", ""hpo"", ""multivariate""]"	AutoTSMixerx	{}							mixer		neuralforecast_auto		nfauto-tsmixerx	official AutoModel; backend/search resolved at runtime	neuralforecast	p1											broad_v1	position_series	
						"[""position"", ""hpo"", ""multivariate""]"	AutoMLPMultivariate	{}							mlp		neuralforecast_auto		nfauto-mlpmultivariate	official AutoModel; backend/search resolved at runtime	neuralforecast	p1											broad_v1	position_series	
						"[""position"", ""hpo"", ""multivariate""]"	AutoSOFTS	{}							mixer		neuralforecast_auto		nfauto-softs	official AutoModel; backend/search resolved at runtime	neuralforecast	p1											broad_v1	position_series	
						"[""position"", ""hpo"", ""multivariate""]"	AutoSOFTSSharp	{}							mixer		neuralforecast_auto		nfauto-softssharp	official AutoModel; backend/search resolved at runtime	neuralforecast	p1											broad_v1	position_series	
						"[""position"", ""hpo"", ""multivariate""]"	AutoTimeMixer	{}							mixer		neuralforecast_auto		nfauto-timemixer	official AutoModel; backend/search resolved at runtime; FFT kernel forces 32-true precision	neuralforecast	p1											broad_v1	position_series	
						"[""position"", ""hpo"", ""multivariate""]"	AutoRMoK	{}							kan		neuralforecast_auto		nfauto-rmok	official AutoModel; backend/search resolved at runtime	neuralforecast	p1											broad_v1	position_series	
						"[""position"", ""hpo""]"	AutoXLinear	{}							linear		neuralforecast_auto		nfauto-xlinear	official AutoModel; backend/search resolved at runtime	neuralforecast	p1											broad_v1	position_series	
						"[""position"", ""exogenous"", ""hpo""]"	AutoLightGBM	{}							lag_ml		mlforecast_auto		mfauto-lightgbm	AutoMLForecast wrapper with upstream default search space	mlforecast	p1											broad_v1	position_series	
						"[""position"", ""exogenous"", ""hpo""]"	AutoXGBoost	{}							lag_ml		mlforecast_auto		mfauto-xgboost	AutoMLForecast wrapper with upstream default search space	mlforecast	p1											broad_v1	position_series	
						"[""position"", ""exogenous"", ""hpo""]"	AutoCatboost	{}							lag_ml		mlforecast_auto		mfauto-catboost	AutoMLForecast wrapper with upstream default search space	mlforecast	p1											broad_v1	position_series	
						"[""position"", ""exogenous"", ""hpo""]"	AutoLinearRegression	{}							lag_ml		mlforecast_auto		mfauto-linearregression	AutoMLForecast wrapper with upstream default search space	mlforecast	p1											broad_v1	position_series	
						"[""position"", ""exogenous"", ""hpo""]"	AutoRidge	{}							lag_ml		mlforecast_auto		mfauto-ridge	AutoMLForecast wrapper with upstream default search space	mlforecast	p1											broad_v1	position_series	
						"[""position"", ""exogenous"", ""hpo""]"	AutoLasso	{}							lag_ml		mlforecast_auto		mfauto-lasso	AutoMLForecast wrapper with upstream default search space	mlforecast	p1											broad_v1	position_series	
						"[""position"", ""exogenous"", ""hpo""]"	AutoElasticNet	{}							lag_ml		mlforecast_auto		mfauto-elasticnet	AutoMLForecast wrapper with upstream default search space	mlforecast	p1											broad_v1	position_series	
						"[""position"", ""exogenous"", ""hpo""]"	AutoRandomForest	{}							lag_ml		mlforecast_auto		mfauto-randomforest	AutoMLForecast wrapper with upstream default search space	mlforecast	p1											broad_v1	position_series	
						"[""reconciliation"", ""coherence""]"	BottomUp	{}							reconciliation		hierarchicalforecast		hf-bottomup	enforces coherence across the number/decade/parity hierarchy	hierarchicalforecast	p1											broad_v1	reconciliation	
						"[""reconciliation"", ""coherence""]"	BottomUpSparse	{}							reconciliation		hierarchicalforecast		hf-bottomupsparse	enforces coherence across the number/decade/parity hierarchy	hierarchicalforecast	p1											broad_v1	reconciliation	
						"[""reconciliation"", ""coherence""]"	TopDown	{}							reconciliation		hierarchicalforecast		hf-topdown	enforces coherence across the number/decade/parity hierarchy	hierarchicalforecast	p1											broad_v1	reconciliation	
						"[""reconciliation"", ""coherence""]"	TopDownSparse	{}							reconciliation		hierarchicalforecast		hf-topdownsparse	enforces coherence across the number/decade/parity hierarchy	hierarchicalforecast	p1											broad_v1	reconciliation	
						"[""reconciliation"", ""coherence""]"	MiddleOut	{}							reconciliation		hierarchicalforecast		hf-middleout	enforces coherence across the number/decade/parity hierarchy	hierarchicalforecast	p1											broad_v1	reconciliation	
						"[""reconciliation"", ""coherence""]"	MiddleOutSparse	{}							reconciliation		hierarchicalforecast		hf-middleoutsparse	enforces coherence across the number/decade/parity hierarchy	hierarchicalforecast	p1											broad_v1	reconciliation	
						"[""reconciliation"", ""coherence""]"	MinTrace	{}							reconciliation		hierarchicalforecast		hf-mintrace	enforces coherence across the number/decade/parity hierarchy	hierarchicalforecast	p1											broad_v1	reconciliation	
						"[""reconciliation"", ""coherence""]"	MinTraceSparse	{}							reconciliation		hierarchicalforecast		hf-mintracesparse	enforces coherence across the number/decade/parity hierarchy	hierarchicalforecast	p1											broad_v1	reconciliation	
						"[""reconciliation"", ""coherence""]"	OptimalCombination	{}							reconciliation		hierarchicalforecast		hf-optimalcombination	enforces coherence across the number/decade/parity hierarchy	hierarchicalforecast	p1											broad_v1	reconciliation	
						"[""reconciliation"", ""coherence""]"	ERM	{}							reconciliation		hierarchicalforecast		hf-erm	enforces coherence across the number/decade/parity hierarchy	hierarchicalforecast	p1											broad_v1	reconciliation	
						"[""zero_shot"", ""position"", ""probability""]"	Chronos2Pipeline	"{""repo_id"": ""amazon/chronos-2""}"							tsfm		tsfm		chronos-2	highest-download TSFM; zero-shot, covariate-capable	chronos	p0		amazon/chronos-2									broad_v1	foundation	
						"[""zero_shot"", ""position"", ""probability""]"	ChronosBoltPipeline	"{""repo_id"": ""amazon/chronos-bolt-tiny""}"							tsfm		tsfm		chronos-bolt-tiny	fastest Chronos variant; CPU-viable	chronos	p0		amazon/chronos-bolt-tiny									broad_v1	foundation	
						"[""zero_shot"", ""position"", ""probability""]"	ChronosPipeline	"{""repo_id"": ""amazon/chronos-t5-small""}"							tsfm		tsfm		chronos-t5-small	T5 tokenised Chronos	chronos	p1		amazon/chronos-t5-small									broad_v1	foundation	
						"[""zero_shot"", ""position"", ""probability""]"	ChronosPipeline	"{""repo_id"": ""amazon/chronos-t5-base""}"							tsfm		tsfm		chronos-t5-base		chronos	p1		amazon/chronos-t5-base									broad_v1	foundation	
						"[""zero_shot"", ""position""]"	TimesFmModelForPrediction	"{""repo_id"": ""google/timesfm-2.5-200m-transformers""}"							tsfm		tsfm		timesfm-2.5-transformers	transformers-native; preferred over the -pytorch checkpoint (no trust_remote_code)	transformers	p0		google/timesfm-2.5-200m-transformers									broad_v1	foundation	
						"[""zero_shot"", ""position""]"	TinyTimeMixerForPrediction	"{""repo_id"": ""ibm-granite/granite-timeseries-ttm-r2""}"							tsfm		tsfm	Apache-2.0	granite-ttm-r2	Apache-licensed replacement for ibm-research/ttm-r3 (non-commercial)	transformers	p0		ibm-granite/granite-timeseries-ttm-r2									broad_v1	foundation	
						"[""zero_shot"", ""position""]"	FlowStateForPrediction	"{""repo_id"": ""ibm-granite/granite-timeseries-flowstate-r1""}"							tsfm		tsfm		granite-flowstate-r1	9M params; smallest credible zero-shot forecaster	transformers	p1		ibm-granite/granite-timeseries-flowstate-r1									broad_v1	foundation	
						"[""zero_shot"", ""position""]"	PatchTSTForPrediction	"{""repo_id"": ""ibm-granite/granite-timeseries-patchtst""}"							tsfm		tsfm		granite-patchtst		transformers	p1		ibm-granite/granite-timeseries-patchtst									broad_v1	foundation	
						"[""zero_shot"", ""position""]"	PatchTSMixerForPrediction	"{""repo_id"": ""ibm-granite/granite-timeseries-patchtsmixer""}"							tsfm		tsfm		granite-patchtsmixer		transformers	p1		ibm-granite/granite-timeseries-patchtsmixer									broad_v1	foundation	
						"[""zero_shot"", ""position"", ""probability""]"	MoiraiForecast	"{""repo_id"": ""Salesforce/moirai-2.0-R-small""}"							tsfm		tsfm		moirai-2.0-small		uni2ts	p0		Salesforce/moirai-2.0-R-small									broad_v1	foundation	
						"[""zero_shot"", ""position"", ""probability""]"	MoiraiForecast	"{""repo_id"": ""Salesforce/moirai-1.0-R-base""}"							tsfm		tsfm		moirai-1.0-base		uni2ts	p1		Salesforce/moirai-1.0-R-base									broad_v1	foundation	
						"[""zero_shot"", ""position""]"	TiRex	"{""repo_id"": ""NX-AI/TiRex-2""}"							tsfm		tsfm		tirex-2	xLSTM-based; successor to TiRex	tirex	p1		NX-AI/TiRex-2									broad_v1	foundation	
						"[""zero_shot"", ""position"", ""probability""]"	TotoForecaster	"{""repo_id"": ""Datadog/Toto-Open-Base-1.0""}"							tsfm		tsfm		toto-open-base	observability-domain pretraining	toto	p1		Datadog/Toto-Open-Base-1.0									broad_v1	foundation	
						"[""zero_shot"", ""position"", ""probability""]"	TotoForecaster	"{""repo_id"": ""Datadog/Toto-2.0-4m""}"							tsfm		tsfm		toto-2.0-4m		toto	p1		Datadog/Toto-2.0-4m									broad_v1	foundation	
						"[""zero_shot"", ""position""]"	MOMENTPipeline	"{""repo_id"": ""AutonLab/MOMENT-1-small""}"							tsfm		tsfm		moment-1-small	general TS embedding model; forecasting head required	momentfm	p1		AutonLab/MOMENT-1-small									broad_v1	foundation	
						"[""zero_shot"", ""position""]"	MOMENTPipeline	"{""repo_id"": ""AutonLab/MOMENT-1-large""}"							tsfm		tsfm		moment-1-large		momentfm	p1		AutonLab/MOMENT-1-large									broad_v1	foundation	
						"[""zero_shot"", ""position"", ""probability""]"	LagLlamaEstimator	"{""repo_id"": ""time-series-foundation-models/Lag-Llama""}"							tsfm		tsfm		lag-llama		lag_llama	p1		time-series-foundation-models/Lag-Llama									broad_v1	foundation	
						"[""zero_shot"", ""position""]"	KronosPredictor	"{""repo_id"": ""NeoQuasar/Kronos-base""}"							tsfm		tsfm		kronos-base	discrete-token financial series model	kronos	p1		NeoQuasar/Kronos-base									broad_v1	foundation	
						"[""zero_shot"", ""position"", ""probability""]"	SundialForPrediction	"{""repo_id"": ""thuml/sundial-base-128m""}"							tsfm		tsfm		sundial-base		transformers	p1		thuml/sundial-base-128m									broad_v1	foundation	
						"[""zero_shot"", ""position""]"	TabPFNTimeSeries	"{""repo_id"": ""Prior-Labs/TabPFN-v2-clf""}"							foundation_tabular		tsfm		tabpfn-ts	tabular foundation model applied to the candidate matrix	tabpfn_time_series	p1		Prior-Labs/TabPFN-v2-clf									broad_v1	candidate	
						"[""zero_shot"", ""position""]"	T0Pipeline	"{""repo_id"": ""theforecastingcompany/t0-alpha""}"							tsfm		tsfm		t0-alpha	GATED: weights resolve to zero bytes without accepted terms; kept as a known-blocked entry so the availability probe reports it explicitly	tfc	p2		theforecastingcompany/t0-alpha									broad_v1	foundation	
						"[""position"", ""probability"", ""automl"", ""protocol_v2""]"	TimeSeriesPredictor	{}							automl		autogluon		autogluon-timeseries	stable provider; runtime states use autogluon_runtime_catalog	autogluon	p1											broad_v1	position_series	
						"[""position"", ""ensemble""]"	RegressionEnsembleModel	{}							framework		darts		darts-ensemble		darts	p1											broad_v1	position_series	
						"[""position"", ""probability""]"	DeepAREstimator	{}							deep_probabilistic		gluonts		gluonts-deepar		gluonts	p1											broad_v1	position_series	
						"[""position""]"	ESN	{}							reservoir		reservoirpy		reservoir-esn		reservoirpy	p1											broad_v1	position	
						"[""position"", ""ensemble""]"	EnsembleForecaster	{}							framework		sktime		sktime-ensemble		sktime	p1											broad_v1	position_series	
						"[""position"", ""exogenous""]"	ForecasterRecursive	{}							lag_ml		skforecast		skforecast-recursive		skforecast	p1											broad_v1	position_series	
																			chronos-2					amazon/chronos-2	29ec3766d36d6f73f0696f85560a422f50e8498c								verified_revision		
																			chronos-bolt-tiny					amazon/chronos-bolt-tiny	a0e552de83495b5c28c14c71c374f3e33280b340								verified_revision		
																			chronos-t5-base					amazon/chronos-t5-base	ad294eaacead15db499b740ea4122266dd2a81a2								verified_revision		
																			chronos-t5-small					amazon/chronos-t5-small	a971ba21945c4f1796b17a91fe69214b5f4ad472								verified_revision		
																			granite-flowstate-r1					ibm-granite/granite-timeseries-flowstate-r1	05effc6cb39ee16dce9dd0064ed1a76e4b8ff464								verified_revision		
																			granite-patchtsmixer					ibm-granite/granite-timeseries-patchtsmixer	90dc5a88d45f032b7dceefb5d814ca2af54f2ff9								verified_revision		
																			granite-patchtst					ibm-granite/granite-timeseries-patchtst	7fe295d8bc8fbac8041b60ab351882634165517f								verified_revision		
																			granite-ttm-r2					ibm-granite/granite-timeseries-ttm-r2	d6a79570cac0f33d526601cd3a0fc7c80a8f9a2f								verified_revision		
																			kronos-base					NeoQuasar/Kronos-base	2b554741eca47781b64468546e77fef3e85130e6								verified_revision		
																			lag-llama					time-series-foundation-models/Lag-Llama	72dcfc29da106acfe38250a60f4ae29d1e56a3d9								verified_revision		
																			moirai-1.0-base					Salesforce/moirai-1.0-R-base	4fa939a8800d9da346c0280f3d9aeba0d2d35877								verified_revision		
																			moirai-2.0-small					Salesforce/moirai-2.0-R-small	30f43ff08c8494f4943ae1521e9d4e94a0fbb389								verified_revision		
																			moment-1-large					AutonLab/MOMENT-1-large	ca58581bc7bea2ebed4e80dc0a3e4b8b609c6ecc								verified_revision		
																			moment-1-small					AutonLab/MOMENT-1-small	411e288267f82cce86296dbe4d6c8bc533cc162f								verified_revision		
																			sundial-base					thuml/sundial-base-128m	3212e42564493f520593e5414af4367fc4b49226								verified_revision		
																			t0-alpha					theforecastingcompany/t0-alpha	f8727c2357e0d81f1d9f56fe3aaac43068b5fc72								verified_revision		
																			tabpfn-ts					Prior-Labs/TabPFN-v2-reg	4972a65a1b30806315c6f92499959ffbfc69a673								verified_revision		
																			timesfm-2.5-transformers					google/timesfm-2.5-200m-transformers	5a9806b9b291fad9233b5249d88263f1846304d3								verified_revision		
																			tirex-2					NX-AI/TiRex-2	05e5b26db52bfb256f1ae1bdf785589850482de3								verified_revision		
																			toto-2.0-4m					Datadog/Toto-2.0-4m	8306a9801cf98c0f5ffe4b2dcc8f496e616d84d9								verified_revision		
																			toto-open-base					Datadog/Toto-Open-Base-1.0	0411ceb27bdf7fc3e4892e99edc8ad08192dc3c5								verified_revision		
				pytorch_native					environments/timesfm25-pytorch										timesfm-2.5-200m					google/timesfm-2.5-200m-pytorch	1d952420fba87f3c6dee4f240de0f1a0fbc790e3			IMPLEMENTED_NOT_GPU_CERTIFIED					timesfm_backend		
				pytorch_source					environments/timesfm25-pytorch-source										timesfm-2.5-200m					google/timesfm-2.5-200m-pytorch	1d952420fba87f3c6dee4f240de0f1a0fbc790e3			SCHEMA_ONLY					timesfm_backend		
				transformers					environments/timesfm25-transformers										timesfm-2.5-200m					google/timesfm-2.5-200m-transformers	5a9806b9b291fad9233b5249d88263f1846304d3			SCHEMA_ONLY_GITHUB_EVIDENCE_BLOCKED					timesfm_backend		
				xreg					environments/timesfm25-xreg										timesfm-2.5-200m					google/timesfm-2.5-200m-pytorch	1d952420fba87f3c6dee4f240de0f1a0fbc790e3			DEFERRED					timesfm_backend		
							Toto2Model											Apache-2.0	toto-2.0-4m					Datadog/Toto-2.0-4m	8306a9801cf98c0f5ffe4b2dcc8f496e616d84d9			NOT_CERTIFIED					toto2_variant		toto-2.0-4m
							Toto2Model											Apache-2.0	toto-2.0-22m					Datadog/Toto-2.0-22m	3affccf372ff82f5d200ac76fad3dbcdeb64299a			NOT_CERTIFIED					toto2_variant		toto-2.0-22m
																			moirai-2.0-r-small					Salesforce/moirai-2.0-R-small	30f43ff08c8494f4943ae1521e9d4e94a0fbb389								manifest_constants		
																			timer-base-84m					thuml/timer-base-84m	70077a71acce1b4c00d98332fcaabc694255d8e5								manifest_constants		
uniformcandidateadapter					uniform	"[""probability"", ""ranking"", ""control""]"	UniformCandidateAdapter			SOURCE_DECLARED				broad_v1	theory	uniform	builtin		uniform	exact theoretical uniform; mandatory control						UNKNOWN	False	NOT_RUN		broad_v1			expanded_v2		
frequencycandidateadapter					frequency	"[""probability"", ""ranking""]"	FrequencyCandidateAdapter			SOURCE_DECLARED				broad_v1	frequency	frequency	builtin		frequency							UNKNOWN	False	NOT_RUN		broad_v1			expanded_v2		
theorymedianadapter					position-median	"[""position"", ""control""]"	TheoryMedianAdapter			SOURCE_DECLARED				broad_v1	theory	position-median	builtin		position-median	exact MAE-floor predictor; mandatory control						UNKNOWN	False	NOT_RUN		broad_v1			expanded_v2		
theorymodaladapter					position-modal	"[""position"", ""control""]"	TheoryModalAdapter			SOURCE_DECLARED				broad_v1	theory	position-modal	builtin		position-modal	exact within-tau ceiling predictor; mandatory control						UNKNOWN	False	NOT_RUN		broad_v1			expanded_v2		
logisticregression					logistic	"[""probability"", ""exogenous""]"	LogisticRegression			SOURCE_DECLARED				broad_v1	linear	logistic	sklearn		logistic							UNKNOWN	False	NOT_RUN		broad_v1			expanded_v2		
ridge					ridge	"[""position"", ""exogenous""]"	Ridge			SOURCE_DECLARED				broad_v1	linear	ridge	sklearn		ridge							UNKNOWN	False	NOT_RUN		broad_v1			expanded_v2		
elasticnet					elastic-net	"[""position"", ""exogenous""]"	ElasticNet			SOURCE_DECLARED				broad_v1	linear	elastic-net	sklearn		elastic-net							UNKNOWN	False	NOT_RUN		broad_v1			expanded_v2		
randomforestclassifier					random-forest	"[""probability"", ""exogenous""]"	RandomForestClassifier			SOURCE_DECLARED				broad_v1	tree	random-forest	sklearn		random-forest							UNKNOWN	False	NOT_RUN		broad_v1			expanded_v2		
extratreesclassifier					extra-trees	"[""probability"", ""exogenous""]"	ExtraTreesClassifier			SOURCE_DECLARED				broad_v1	tree	extra-trees	sklearn		extra-trees							UNKNOWN	False	NOT_RUN		broad_v1			expanded_v2		
histgradientboostingclassifier					hist-gradient-boosting	"[""probability"", ""exogenous""]"	HistGradientBoostingClassifier			SOURCE_DECLARED				broad_v1	tree	hist-gradient-boosting	sklearn		hist-gradient-boosting							UNKNOWN	False	NOT_RUN		broad_v1			expanded_v2		
calibratedclassifiercv					isotonic-calibrated-logistic	"[""probability"", ""calibration""]"	CalibratedClassifierCV			SOURCE_DECLARED				broad_v1	calibrated	isotonic-calibrated-logistic	sklearn		isotonic-calibrated-logistic	wraps logistic; makes the calibration layer measurable						UNKNOWN	False	NOT_RUN		broad_v1			expanded_v2		
lgbmclassifier					lightgbm-classifier	"[""probability"", ""exogenous""]"	LGBMClassifier			SOURCE_DECLARED				broad_v1	tree	lightgbm-classifier	lightgbm		lightgbm-classifier							UNKNOWN	False	NOT_RUN		broad_v1			expanded_v2		
lgbmregressor					lightgbm-position	"[""position"", ""exogenous""]"	LGBMRegressor			SOURCE_DECLARED				broad_v1	tree	lightgbm-position	lightgbm		lightgbm-position							UNKNOWN	False	NOT_RUN		broad_v1			expanded_v2		
xgbclassifier					xgboost-classifier	"[""probability"", ""exogenous""]"	XGBClassifier			SOURCE_DECLARED				broad_v1	tree	xgboost-classifier	xgboost		xgboost-classifier							UNKNOWN	False	NOT_RUN		broad_v1			expanded_v2		
catboostclassifier					catboost-classifier	"[""probability"", ""exogenous""]"	CatBoostClassifier			SOURCE_DECLARED				broad_v1	tree	catboost-classifier	catboost		catboost-classifier							UNKNOWN	False	NOT_RUN		broad_v1			expanded_v2		
autoarima					sf-autoarima	"[""position""]"	AutoARIMA			SOURCE_DECLARED				broad_v1	arima	sf-autoarima	statsforecast		sf-autoarima							UNKNOWN	False	NOT_RUN		broad_v1			expanded_v2		
autoets					sf-autoets	"[""position""]"	AutoETS			SOURCE_DECLARED				broad_v1	exponential_smoothing	sf-autoets	statsforecast		sf-autoets							UNKNOWN	False	NOT_RUN		broad_v1			expanded_v2		
autoces					sf-autoces	"[""position""]"	AutoCES			SOURCE_DECLARED				broad_v1	exponential_smoothing	sf-autoces	statsforecast		sf-autoces							UNKNOWN	False	NOT_RUN		broad_v1			expanded_v2		
autotheta					sf-autotheta	"[""position""]"	AutoTheta			SOURCE_DECLARED				broad_v1	theta	sf-autotheta	statsforecast		sf-autotheta							UNKNOWN	False	NOT_RUN		broad_v1			expanded_v2		
automfles					sf-automfles	"[""position""]"	AutoMFLES			SOURCE_DECLARED				broad_v1	decomposition	sf-automfles	statsforecast		sf-automfles							UNKNOWN	False	NOT_RUN		broad_v1			expanded_v2		
autotbats					sf-autotbats	"[""position""]"	AutoTBATS			SOURCE_DECLARED				broad_v1	decomposition	sf-autotbats	statsforecast		sf-autotbats							UNKNOWN	False	NOT_RUN		broad_v1			expanded_v2		
arima					sf-arima	"[""position""]"	ARIMA			SOURCE_DECLARED				broad_v1	arima	sf-arima	statsforecast		sf-arima							UNKNOWN	False	NOT_RUN		broad_v1			expanded_v2		
autoregressive					sf-autoregressive	"[""position""]"	AutoRegressive			SOURCE_DECLARED				broad_v1	arima	sf-autoregressive	statsforecast		sf-autoregressive							UNKNOWN	False	NOT_RUN		broad_v1			expanded_v2		
simpleexponentialsmoothing					sf-simpleexponentialsmoothing	"[""position""]"	SimpleExponentialSmoothing			SOURCE_DECLARED				broad_v1	exponential_smoothing	sf-simpleexponentialsmoothing	statsforecast		sf-simpleexponentialsmoothing							UNKNOWN	False	NOT_RUN		broad_v1			expanded_v2		
simpleexponentialsmoothingoptimized					sf-simpleexponentialsmoothingoptimized	"[""position""]"	SimpleExponentialSmoothingOptimized			SOURCE_DECLARED				broad_v1	exponential_smoothing	sf-simpleexponentialsmoothingoptimized	statsforecast		sf-simpleexponentialsmoothingoptimized							UNKNOWN	False	NOT_RUN		broad_v1			expanded_v2		
seasonalexponentialsmoothing					sf-seasonalexponentialsmoothing	"[""position""]"	SeasonalExponentialSmoothing			SOURCE_DECLARED				broad_v1	exponential_smoothing	sf-seasonalexponentialsmoothing	statsforecast		sf-seasonalexponentialsmoothing							UNKNOWN	False	NOT_RUN		broad_v1			expanded_v2		
seasonalexponentialsmoothingoptimized					sf-seasonalexponentialsmoothingoptimized	"[""position""]"	SeasonalExponentialSmoothingOptimized			SOURCE_DECLARED				broad_v1	exponential_smoothing	sf-seasonalexponentialsmoothingoptimized	statsforecast		sf-seasonalexponentialsmoothingoptimized							UNKNOWN	False	NOT_RUN		broad_v1			expanded_v2		
holt					sf-holt	"[""position""]"	Holt			SOURCE_DECLARED				broad_v1	exponential_smoothing	sf-holt	statsforecast		sf-holt							UNKNOWN	False	NOT_RUN		broad_v1			expanded_v2		
holtwinters					sf-holtwinters	"[""position""]"	HoltWinters			SOURCE_DECLARED				broad_v1	exponential_smoothing	sf-holtwinters	statsforecast		sf-holtwinters							UNKNOWN	False	NOT_RUN		broad_v1			expanded_v2		
historicaverage					sf-historicaverage	"[""position""]"	HistoricAverage			SOURCE_DECLARED				broad_v1	baseline	sf-historicaverage	statsforecast		sf-historicaverage	mandatory control						UNKNOWN	False	NOT_RUN		broad_v1			expanded_v2		
naive					sf-naive	"[""position""]"	Naive			SOURCE_DECLARED				broad_v1	baseline	sf-naive	statsforecast		sf-naive	mandatory control						UNKNOWN	False	NOT_RUN		broad_v1			expanded_v2		
randomwalkwithdrift					sf-randomwalkwithdrift	"[""position""]"	RandomWalkWithDrift			SOURCE_DECLARED				broad_v1	baseline	sf-randomwalkwithdrift	statsforecast		sf-randomwalkwithdrift							UNKNOWN	False	NOT_RUN		broad_v1			expanded_v2		
seasonalnaive					sf-seasonalnaive	"[""position""]"	SeasonalNaive			SOURCE_DECLARED				broad_v1	baseline	sf-seasonalnaive	statsforecast		sf-seasonalnaive	mandatory control						UNKNOWN	False	NOT_RUN		broad_v1			expanded_v2		
conformalseasonalpool					sf-conformalseasonalpool	"[""position"", ""probability""]"	ConformalSeasonalPool			SOURCE_DECLARED				broad_v1	conformal	sf-conformalseasonalpool	statsforecast		sf-conformalseasonalpool							UNKNOWN	False	NOT_RUN		broad_v1			expanded_v2		
windowaverage					sf-windowaverage	"[""position""]"	WindowAverage			SOURCE_DECLARED				broad_v1	baseline	sf-windowaverage	statsforecast		sf-windowaverage							UNKNOWN	False	NOT_RUN		broad_v1			expanded_v2		
seasonalwindowaverage					sf-seasonalwindowaverage	"[""position""]"	SeasonalWindowAverage			SOURCE_DECLARED				broad_v1	baseline	sf-seasonalwindowaverage	statsforecast		sf-seasonalwindowaverage							UNKNOWN	False	NOT_RUN		broad_v1			expanded_v2		
adida					sf-adida	"[""position""]"	ADIDA			SOURCE_DECLARED				broad_v1	intermittent	sf-adida	statsforecast		sf-adida							UNKNOWN	False	NOT_RUN		broad_v1			expanded_v2		
crostonclassic					sf-crostonclassic	"[""position""]"	CrostonClassic			SOURCE_DECLARED				broad_v1	intermittent	sf-crostonclassic	statsforecast		sf-crostonclassic							UNKNOWN	False	NOT_RUN		broad_v1			expanded_v2		
crostonoptimized					sf-crostonoptimized	"[""position""]"	CrostonOptimized			SOURCE_DECLARED				broad_v1	intermittent	sf-crostonoptimized	statsforecast		sf-crostonoptimized							UNKNOWN	False	NOT_RUN		broad_v1			expanded_v2		
crostonsba					sf-crostonsba	"[""position""]"	CrostonSBA			SOURCE_DECLARED				broad_v1	intermittent	sf-crostonsba	statsforecast		sf-crostonsba							UNKNOWN	False	NOT_RUN		broad_v1			expanded_v2		
imapa					sf-imapa	"[""position""]"	IMAPA			SOURCE_DECLARED				broad_v1	intermittent	sf-imapa	statsforecast		sf-imapa							UNKNOWN	False	NOT_RUN		broad_v1			expanded_v2		
tsb					sf-tsb	"[""position""]"	TSB			SOURCE_DECLARED				broad_v1	intermittent	sf-tsb	statsforecast		sf-tsb							UNKNOWN	False	NOT_RUN		broad_v1			expanded_v2		
mstl					sf-mstl	"[""position""]"	MSTL			SOURCE_DECLARED				broad_v1	decomposition	sf-mstl	statsforecast		sf-mstl							UNKNOWN	False	NOT_RUN		broad_v1			expanded_v2		
mfles					sf-mfles	"[""position""]"	MFLES			SOURCE_DECLARED				broad_v1	decomposition	sf-mfles	statsforecast		sf-mfles							UNKNOWN	False	NOT_RUN		broad_v1			expanded_v2		
tbats					sf-tbats	"[""position""]"	TBATS			SOURCE_DECLARED				broad_v1	decomposition	sf-tbats	statsforecast		sf-tbats							UNKNOWN	False	NOT_RUN		broad_v1			expanded_v2		
theta					sf-theta	"[""position""]"	Theta			SOURCE_DECLARED				broad_v1	theta	sf-theta	statsforecast		sf-theta							UNKNOWN	False	NOT_RUN		broad_v1			expanded_v2		
optimizedtheta					sf-optimizedtheta	"[""position""]"	OptimizedTheta			SOURCE_DECLARED				broad_v1	theta	sf-optimizedtheta	statsforecast		sf-optimizedtheta							UNKNOWN	False	NOT_RUN		broad_v1			expanded_v2		
dynamictheta					sf-dynamictheta	"[""position""]"	DynamicTheta			SOURCE_DECLARED				broad_v1	theta	sf-dynamictheta	statsforecast		sf-dynamictheta							UNKNOWN	False	NOT_RUN		broad_v1			expanded_v2		
dynamicoptimizedtheta					sf-dynamicoptimizedtheta	"[""position""]"	DynamicOptimizedTheta			SOURCE_DECLARED				broad_v1	theta	sf-dynamicoptimizedtheta	statsforecast		sf-dynamicoptimizedtheta							UNKNOWN	False	NOT_RUN		broad_v1			expanded_v2		
garch					sf-garch	"[""position""]"	GARCH			SOURCE_DECLARED				broad_v1	volatility	sf-garch	statsforecast		sf-garch							UNKNOWN	False	NOT_RUN		broad_v1			expanded_v2		
arch					sf-arch	"[""position""]"	ARCH			SOURCE_DECLARED				broad_v1	volatility	sf-arch	statsforecast		sf-arch							UNKNOWN	False	NOT_RUN		broad_v1			expanded_v2		
sklearnmodel					sf-sklearnmodel	"[""position""]"	SklearnModel			SOURCE_DECLARED				broad_v1	wrapper	sf-sklearnmodel	statsforecast		sf-sklearnmodel							UNKNOWN	False	NOT_RUN		broad_v1			expanded_v2		
constantmodel					sf-constantmodel	"[""position""]"	ConstantModel			SOURCE_DECLARED				broad_v1	baseline	sf-constantmodel	statsforecast		sf-constantmodel							UNKNOWN	False	NOT_RUN		broad_v1			expanded_v2		
zeromodel					sf-zeromodel	"[""position""]"	ZeroModel			SOURCE_DECLARED				broad_v1	baseline	sf-zeromodel	statsforecast		sf-zeromodel							UNKNOWN	False	NOT_RUN		broad_v1			expanded_v2		
nanmodel					sf-nanmodel	"[""position""]"	NaNModel			SOURCE_DECLARED				broad_v1	baseline	sf-nanmodel	statsforecast		sf-nanmodel							UNKNOWN	False	NOT_RUN		broad_v1			expanded_v2		
ucm					sf-ucm	"[""position""]"	UCM			SOURCE_DECLARED				broad_v1	decomposition	sf-ucm	statsforecast		sf-ucm							UNKNOWN	False	NOT_RUN		broad_v1			expanded_v2		
rnn					nf-rnn	"[""position""]"	RNN			SOURCE_DECLARED				broad_v1	rnn	nf-rnn	neuralforecast		nf-rnn							UNKNOWN	False	NOT_RUN		broad_v1			expanded_v2		
gru					nf-gru	"[""position""]"	GRU			SOURCE_DECLARED				broad_v1	rnn	nf-gru	neuralforecast		nf-gru							UNKNOWN	False	NOT_RUN		broad_v1			expanded_v2		
lstm					nf-lstm	"[""position""]"	LSTM			SOURCE_DECLARED				broad_v1	rnn	nf-lstm	neuralforecast		nf-lstm							UNKNOWN	False	NOT_RUN		broad_v1			expanded_v2		
tcn					nf-tcn	"[""position""]"	TCN			SOURCE_DECLARED				broad_v1	cnn	nf-tcn	neuralforecast		nf-tcn							UNKNOWN	False	NOT_RUN		broad_v1			expanded_v2		
deepar					nf-deepar	"[""position"", ""probability""]"	DeepAR			SOURCE_DECLARED				broad_v1	deep_probabilistic	nf-deepar	neuralforecast		nf-deepar							UNKNOWN	False	NOT_RUN		broad_v1			expanded_v2		
dilatedrnn					nf-dilatedrnn	"[""position""]"	DilatedRNN			SOURCE_DECLARED				broad_v1	rnn	nf-dilatedrnn	neuralforecast		nf-dilatedrnn							UNKNOWN	False	NOT_RUN		broad_v1			expanded_v2		
mlp					nf-mlp	"[""position""]"	MLP			SOURCE_DECLARED				broad_v1	mlp	nf-mlp	neuralforecast		nf-mlp							UNKNOWN	False	NOT_RUN		broad_v1			expanded_v2		
nhits					nf-nhits	"[""position""]"	NHITS			SOURCE_DECLARED				broad_v1	mlp	nf-nhits	neuralforecast		nf-nhits							UNKNOWN	False	NOT_RUN		broad_v1			expanded_v2		
nbeats					nf-nbeats	"[""position""]"	NBEATS			SOURCE_DECLARED				broad_v1	mlp	nf-nbeats	neuralforecast		nf-nbeats							UNKNOWN	False	NOT_RUN		broad_v1			expanded_v2		
nbeatsx					nf-nbeatsx	"[""position"", ""exogenous""]"	NBEATSx			SOURCE_DECLARED				broad_v1	mlp	nf-nbeatsx	neuralforecast		nf-nbeatsx							UNKNOWN	False	NOT_RUN		broad_v1			expanded_v2		
dlinear					nf-dlinear	"[""position""]"	DLinear			SOURCE_DECLARED				broad_v1	linear	nf-dlinear	neuralforecast		nf-dlinear							UNKNOWN	False	NOT_RUN		broad_v1			expanded_v2		
nlinear					nf-nlinear	"[""position""]"	NLinear			SOURCE_DECLARED				broad_v1	linear	nf-nlinear	neuralforecast		nf-nlinear							UNKNOWN	False	NOT_RUN		broad_v1			expanded_v2		
tft					nf-tft	"[""position"", ""exogenous"", ""probability""]"	TFT			SOURCE_DECLARED				broad_v1	transformer	nf-tft	neuralforecast		nf-tft							UNKNOWN	False	NOT_RUN		broad_v1			expanded_v2		
vanillatransformer					nf-vanillatransformer	"[""position""]"	VanillaTransformer			SOURCE_DECLARED				broad_v1	transformer	nf-vanillatransformer	neuralforecast		nf-vanillatransformer							UNKNOWN	False	NOT_RUN		broad_v1			expanded_v2		
informer					nf-informer	"[""position""]"	Informer			SOURCE_DECLARED				broad_v1	transformer	nf-informer	neuralforecast		nf-informer							UNKNOWN	False	NOT_RUN		broad_v1			expanded_v2		
autoformer					nf-autoformer	"[""position""]"	Autoformer			SOURCE_DECLARED				broad_v1	transformer	nf-autoformer	neuralforecast		nf-autoformer	FFT kernel: forces 32-true precision						UNKNOWN	False	NOT_RUN		broad_v1			expanded_v2		
patchtst					nf-patchtst	"[""position""]"	PatchTST			SOURCE_DECLARED				broad_v1	transformer	nf-patchtst	neuralforecast		nf-patchtst							UNKNOWN	False	NOT_RUN		broad_v1			expanded_v2		
fedformer					nf-fedformer	"[""position""]"	FEDformer			SOURCE_DECLARED				broad_v1	transformer	nf-fedformer	neuralforecast		nf-fedformer	FFT kernel: forces 32-true precision						UNKNOWN	False	NOT_RUN		broad_v1			expanded_v2		
stemgnn					nf-stemgnn	"[""position"", ""multivariate""]"	StemGNN			SOURCE_DECLARED				broad_v1	graph	nf-stemgnn	neuralforecast		nf-stemgnn							UNKNOWN	False	NOT_RUN		broad_v1			expanded_v2		
hint					nf-hint	"[""position"", ""probability""]"	HINT			SOURCE_DECLARED				broad_v1	hierarchical	nf-hint	neuralforecast		nf-hint							UNKNOWN	False	NOT_RUN		broad_v1			expanded_v2		
timesnet					nf-timesnet	"[""position""]"	TimesNet			SOURCE_DECLARED				broad_v1	transformer	nf-timesnet	neuralforecast		nf-timesnet	FFT kernel: forces 32-true precision						UNKNOWN	False	NOT_RUN		broad_v1			expanded_v2		
timellm					nf-timellm	"[""position""]"	TimeLLM			SOURCE_DECLARED				broad_v1	transformer	nf-timellm	neuralforecast		nf-timellm							UNKNOWN	False	NOT_RUN		broad_v1			expanded_v2		
tsmixer					nf-tsmixer	"[""position"", ""multivariate""]"	TSMixer			SOURCE_DECLARED				broad_v1	mixer	nf-tsmixer	neuralforecast		nf-tsmixer							UNKNOWN	False	NOT_RUN		broad_v1			expanded_v2		
tsmixerx					nf-tsmixerx	"[""position"", ""exogenous"", ""multivariate""]"	TSMixerx			SOURCE_DECLARED				broad_v1	mixer	nf-tsmixerx	neuralforecast		nf-tsmixerx							UNKNOWN	False	NOT_RUN		broad_v1			expanded_v2		
mlpmultivariate					nf-mlpmultivariate	"[""position"", ""multivariate""]"	MLPMultivariate			SOURCE_DECLARED				broad_v1	mlp	nf-mlpmultivariate	neuralforecast		nf-mlpmultivariate							UNKNOWN	False	NOT_RUN		broad_v1			expanded_v2		
itransformer					nf-itransformer	"[""position"", ""multivariate""]"	iTransformer			SOURCE_DECLARED				broad_v1	transformer	nf-itransformer	neuralforecast		nf-itransformer							UNKNOWN	False	NOT_RUN		broad_v1			expanded_v2		
bitcn					nf-bitcn	"[""position"", ""exogenous""]"	BiTCN			SOURCE_DECLARED				broad_v1	cnn	nf-bitcn	neuralforecast		nf-bitcn							UNKNOWN	False	NOT_RUN		broad_v1			expanded_v2		
tide					nf-tide	"[""position"", ""exogenous""]"	TiDE			SOURCE_DECLARED				broad_v1	mlp	nf-tide	neuralforecast		nf-tide							UNKNOWN	False	NOT_RUN		broad_v1			expanded_v2		
deepnpts					nf-deepnpts	"[""position"", ""probability""]"	DeepNPTS			SOURCE_DECLARED				broad_v1	deep_probabilistic	nf-deepnpts	neuralforecast		nf-deepnpts							UNKNOWN	False	NOT_RUN		broad_v1			expanded_v2		
softs					nf-softs	"[""position"", ""multivariate""]"	SOFTS			SOURCE_DECLARED				broad_v1	mixer	nf-softs	neuralforecast		nf-softs							UNKNOWN	False	NOT_RUN		broad_v1			expanded_v2		
softssharp					nf-softssharp	"[""position"", ""multivariate""]"	SOFTSSharp			SOURCE_DECLARED				broad_v1	mixer	nf-softssharp	neuralforecast		nf-softssharp							UNKNOWN	False	NOT_RUN		broad_v1			expanded_v2		
timemixer					nf-timemixer	"[""position"", ""multivariate""]"	TimeMixer			SOURCE_DECLARED				broad_v1	mixer	nf-timemixer	neuralforecast		nf-timemixer	FFT kernel: forces 32-true precision						UNKNOWN	False	NOT_RUN		broad_v1			expanded_v2		
kan					nf-kan	"[""position""]"	KAN			SOURCE_DECLARED				broad_v1	kan	nf-kan	neuralforecast		nf-kan							UNKNOWN	False	NOT_RUN		broad_v1			expanded_v2		
rmok					nf-rmok	"[""position"", ""multivariate""]"	RMoK			SOURCE_DECLARED				broad_v1	kan	nf-rmok	neuralforecast		nf-rmok							UNKNOWN	False	NOT_RUN		broad_v1			expanded_v2		
timexer					nf-timexer	"[""position"", ""exogenous""]"	TimeXer			SOURCE_DECLARED				broad_v1	transformer	nf-timexer	neuralforecast		nf-timexer							UNKNOWN	False	NOT_RUN		broad_v1			expanded_v2		
xlstm					nf-xlstm	"[""position""]"	xLSTM			SOURCE_DECLARED				broad_v1	rnn	nf-xlstm	neuralforecast		nf-xlstm							UNKNOWN	False	NOT_RUN		broad_v1			expanded_v2		
xlinear					nf-xlinear	"[""position""]"	XLinear			SOURCE_DECLARED				broad_v1	linear	nf-xlinear	neuralforecast		nf-xlinear							UNKNOWN	False	NOT_RUN		broad_v1			expanded_v2		
autornn					nfauto-rnn	"[""position"", ""hpo""]"	AutoRNN			SOURCE_DECLARED				broad_v1	rnn	nfauto-rnn	neuralforecast_auto		nfauto-rnn	official AutoModel; backend/search resolved at runtime						UNKNOWN	False	NOT_RUN		broad_v1			expanded_v2		
autolstm					nfauto-lstm	"[""position"", ""hpo""]"	AutoLSTM			SOURCE_DECLARED				broad_v1	rnn	nfauto-lstm	neuralforecast_auto		nfauto-lstm	official AutoModel; backend/search resolved at runtime						UNKNOWN	False	NOT_RUN		broad_v1			expanded_v2		
autogru					nfauto-gru	"[""position"", ""hpo""]"	AutoGRU			SOURCE_DECLARED				broad_v1	rnn	nfauto-gru	neuralforecast_auto		nfauto-gru	official AutoModel; backend/search resolved at runtime						UNKNOWN	False	NOT_RUN		broad_v1			expanded_v2		
autotcn					nfauto-tcn	"[""position"", ""hpo""]"	AutoTCN			SOURCE_DECLARED				broad_v1	cnn	nfauto-tcn	neuralforecast_auto		nfauto-tcn	official AutoModel; backend/search resolved at runtime						UNKNOWN	False	NOT_RUN		broad_v1			expanded_v2		
autodeepar					nfauto-deepar	"[""position"", ""hpo""]"	AutoDeepAR			SOURCE_DECLARED				broad_v1	deep_probabilistic	nfauto-deepar	neuralforecast_auto		nfauto-deepar	official AutoModel; backend/search resolved at runtime						UNKNOWN	False	NOT_RUN		broad_v1			expanded_v2		
autodilatedrnn					nfauto-dilatedrnn	"[""position"", ""hpo""]"	AutoDilatedRNN			SOURCE_DECLARED				broad_v1	rnn	nfauto-dilatedrnn	neuralforecast_auto		nfauto-dilatedrnn	official AutoModel; backend/search resolved at runtime						UNKNOWN	False	NOT_RUN		broad_v1			expanded_v2		
autobitcn					nfauto-bitcn	"[""position"", ""hpo""]"	AutoBiTCN			SOURCE_DECLARED				broad_v1	cnn	nfauto-bitcn	neuralforecast_auto		nfauto-bitcn	official AutoModel; backend/search resolved at runtime						UNKNOWN	False	NOT_RUN		broad_v1			expanded_v2		
autoxlstm					nfauto-xlstm	"[""position"", ""hpo""]"	AutoxLSTM			SOURCE_DECLARED				broad_v1	rnn	nfauto-xlstm	neuralforecast_auto		nfauto-xlstm	official AutoModel; backend/search resolved at runtime						UNKNOWN	False	NOT_RUN		broad_v1			expanded_v2		
automlp					nfauto-mlp	"[""position"", ""hpo""]"	AutoMLP			SOURCE_DECLARED				broad_v1	mlp	nfauto-mlp	neuralforecast_auto		nfauto-mlp	official AutoModel; backend/search resolved at runtime						UNKNOWN	False	NOT_RUN		broad_v1			expanded_v2		
autonbeats					nfauto-nbeats	"[""position"", ""hpo""]"	AutoNBEATS			SOURCE_DECLARED				broad_v1	mlp	nfauto-nbeats	neuralforecast_auto		nfauto-nbeats	official AutoModel; backend/search resolved at runtime						UNKNOWN	False	NOT_RUN		broad_v1			expanded_v2		
autonbeatsx					nfauto-nbeatsx	"[""position"", ""hpo""]"	AutoNBEATSx			SOURCE_DECLARED				broad_v1	mlp	nfauto-nbeatsx	neuralforecast_auto		nfauto-nbeatsx	official AutoModel; backend/search resolved at runtime						UNKNOWN	False	NOT_RUN		broad_v1			expanded_v2		
autonhits					nfauto-nhits	"[""position"", ""hpo""]"	AutoNHITS			SOURCE_DECLARED				broad_v1	mlp	nfauto-nhits	neuralforecast_auto		nfauto-nhits	official AutoModel; backend/search resolved at runtime						UNKNOWN	False	NOT_RUN		broad_v1			expanded_v2		
autodlinear					nfauto-dlinear	"[""position"", ""hpo""]"	AutoDLinear			SOURCE_DECLARED				broad_v1	linear	nfauto-dlinear	neuralforecast_auto		nfauto-dlinear	official AutoModel; backend/search resolved at runtime						UNKNOWN	False	NOT_RUN		broad_v1			expanded_v2		
autonlinear					nfauto-nlinear	"[""position"", ""hpo""]"	AutoNLinear			SOURCE_DECLARED				broad_v1	linear	nfauto-nlinear	neuralforecast_auto		nfauto-nlinear	official AutoModel; backend/search resolved at runtime						UNKNOWN	False	NOT_RUN		broad_v1			expanded_v2		
autotide					nfauto-tide	"[""position"", ""hpo""]"	AutoTiDE			SOURCE_DECLARED				broad_v1	mlp	nfauto-tide	neuralforecast_auto		nfauto-tide	official AutoModel; backend/search resolved at runtime						UNKNOWN	False	NOT_RUN		broad_v1			expanded_v2		
autodeepnpts					nfauto-deepnpts	"[""position"", ""hpo""]"	AutoDeepNPTS			SOURCE_DECLARED				broad_v1	deep_probabilistic	nfauto-deepnpts	neuralforecast_auto		nfauto-deepnpts	official AutoModel; backend/search resolved at runtime						UNKNOWN	False	NOT_RUN		broad_v1			expanded_v2		
autokan					nfauto-kan	"[""position"", ""hpo""]"	AutoKAN			SOURCE_DECLARED				broad_v1	kan	nfauto-kan	neuralforecast_auto		nfauto-kan	official AutoModel; backend/search resolved at runtime						UNKNOWN	False	NOT_RUN		broad_v1			expanded_v2		
autotft					nfauto-tft	"[""position"", ""hpo""]"	AutoTFT			SOURCE_DECLARED				broad_v1	transformer	nfauto-tft	neuralforecast_auto		nfauto-tft	official AutoModel; backend/search resolved at runtime						UNKNOWN	False	NOT_RUN		broad_v1			expanded_v2		
autovanillatransformer					nfauto-vanillatransformer	"[""position"", ""hpo""]"	AutoVanillaTransformer			SOURCE_DECLARED				broad_v1	transformer	nfauto-vanillatransformer	neuralforecast_auto		nfauto-vanillatransformer	official AutoModel; backend/search resolved at runtime						UNKNOWN	False	NOT_RUN		broad_v1			expanded_v2		
autoinformer					nfauto-informer	"[""position"", ""hpo""]"	AutoInformer			SOURCE_DECLARED				broad_v1	transformer	nfauto-informer	neuralforecast_auto		nfauto-informer	official AutoModel; backend/search resolved at runtime						UNKNOWN	False	NOT_RUN		broad_v1			expanded_v2		
autoautoformer					nfauto-autoformer	"[""position"", ""hpo""]"	AutoAutoformer			SOURCE_DECLARED				broad_v1	transformer	nfauto-autoformer	neuralforecast_auto		nfauto-autoformer	official AutoModel; backend/search resolved at runtime; FFT kernel forces 32-true precision						UNKNOWN	False	NOT_RUN		broad_v1			expanded_v2		
autofedformer					nfauto-fedformer	"[""position"", ""hpo""]"	AutoFEDformer			SOURCE_DECLARED				broad_v1	transformer	nfauto-fedformer	neuralforecast_auto		nfauto-fedformer	official AutoModel; backend/search resolved at runtime; FFT kernel forces 32-true precision						UNKNOWN	False	NOT_RUN		broad_v1			expanded_v2		
autopatchtst					nfauto-patchtst	"[""position"", ""hpo""]"	AutoPatchTST			SOURCE_DECLARED				broad_v1	transformer	nfauto-patchtst	neuralforecast_auto		nfauto-patchtst	official AutoModel; backend/search resolved at runtime						UNKNOWN	False	NOT_RUN		broad_v1			expanded_v2		
autoitransformer					nfauto-itransformer	"[""position"", ""hpo"", ""multivariate""]"	AutoiTransformer			SOURCE_DECLARED				broad_v1	transformer	nfauto-itransformer	neuralforecast_auto		nfauto-itransformer	official AutoModel; backend/search resolved at runtime						UNKNOWN	False	NOT_RUN		broad_v1			expanded_v2		
autotimexer					nfauto-timexer	"[""position"", ""hpo""]"	AutoTimeXer			SOURCE_DECLARED				broad_v1	transformer	nfauto-timexer	neuralforecast_auto		nfauto-timexer	official AutoModel; backend/search resolved at runtime						UNKNOWN	False	NOT_RUN		broad_v1			expanded_v2		
autotimesnet					nfauto-timesnet	"[""position"", ""hpo""]"	AutoTimesNet			SOURCE_DECLARED				broad_v1	transformer	nfauto-timesnet	neuralforecast_auto		nfauto-timesnet	official AutoModel; backend/search resolved at runtime; FFT kernel forces 32-true precision						UNKNOWN	False	NOT_RUN		broad_v1			expanded_v2		
autostemgnn					nfauto-stemgnn	"[""position"", ""hpo"", ""multivariate""]"	AutoStemGNN			SOURCE_DECLARED				broad_v1	graph	nfauto-stemgnn	neuralforecast_auto		nfauto-stemgnn	official AutoModel; backend/search resolved at runtime						UNKNOWN	False	NOT_RUN		broad_v1			expanded_v2		
autohint					nfauto-hint	"[""position"", ""hpo""]"	AutoHINT			SOURCE_DECLARED				broad_v1	hierarchical	nfauto-hint	neuralforecast_auto		nfauto-hint	official AutoModel; backend/search resolved at runtime						UNKNOWN	False	NOT_RUN		broad_v1			expanded_v2		
autotsmixer					nfauto-tsmixer	"[""position"", ""hpo"", ""multivariate""]"	AutoTSMixer			SOURCE_DECLARED				broad_v1	mixer	nfauto-tsmixer	neuralforecast_auto		nfauto-tsmixer	official AutoModel; backend/search resolved at runtime						UNKNOWN	False	NOT_RUN		broad_v1			expanded_v2		
autotsmixerx					nfauto-tsmixerx	"[""position"", ""hpo"", ""multivariate""]"	AutoTSMixerx			SOURCE_DECLARED				broad_v1	mixer	nfauto-tsmixerx	neuralforecast_auto		nfauto-tsmixerx	official AutoModel; backend/search resolved at runtime						UNKNOWN	False	NOT_RUN		broad_v1			expanded_v2		
automlpmultivariate					nfauto-mlpmultivariate	"[""position"", ""hpo"", ""multivariate""]"	AutoMLPMultivariate			SOURCE_DECLARED				broad_v1	mlp	nfauto-mlpmultivariate	neuralforecast_auto		nfauto-mlpmultivariate	official AutoModel; backend/search resolved at runtime						UNKNOWN	False	NOT_RUN		broad_v1			expanded_v2		
autosofts					nfauto-softs	"[""position"", ""hpo"", ""multivariate""]"	AutoSOFTS			SOURCE_DECLARED				broad_v1	mixer	nfauto-softs	neuralforecast_auto		nfauto-softs	official AutoModel; backend/search resolved at runtime						UNKNOWN	False	NOT_RUN		broad_v1			expanded_v2		
autosoftssharp					nfauto-softssharp	"[""position"", ""hpo"", ""multivariate""]"	AutoSOFTSSharp			SOURCE_DECLARED				broad_v1	mixer	nfauto-softssharp	neuralforecast_auto		nfauto-softssharp	official AutoModel; backend/search resolved at runtime						UNKNOWN	False	NOT_RUN		broad_v1			expanded_v2		
autotimemixer					nfauto-timemixer	"[""position"", ""hpo"", ""multivariate""]"	AutoTimeMixer			SOURCE_DECLARED				broad_v1	mixer	nfauto-timemixer	neuralforecast_auto		nfauto-timemixer	official AutoModel; backend/search resolved at runtime; FFT kernel forces 32-true precision						UNKNOWN	False	NOT_RUN		broad_v1			expanded_v2		
autormok					nfauto-rmok	"[""position"", ""hpo"", ""multivariate""]"	AutoRMoK			SOURCE_DECLARED				broad_v1	kan	nfauto-rmok	neuralforecast_auto		nfauto-rmok	official AutoModel; backend/search resolved at runtime						UNKNOWN	False	NOT_RUN		broad_v1			expanded_v2		
autoxlinear					nfauto-xlinear	"[""position"", ""hpo""]"	AutoXLinear			SOURCE_DECLARED				broad_v1	linear	nfauto-xlinear	neuralforecast_auto		nfauto-xlinear	official AutoModel; backend/search resolved at runtime						UNKNOWN	False	NOT_RUN		broad_v1			expanded_v2		
autolightgbm					mfauto-lightgbm	"[""position"", ""exogenous"", ""hpo""]"	AutoLightGBM			SOURCE_DECLARED				broad_v1	lag_ml	mfauto-lightgbm	mlforecast_auto		mfauto-lightgbm	AutoMLForecast wrapper with upstream default search space						UNKNOWN	False	NOT_RUN		broad_v1			expanded_v2		
autoxgboost					mfauto-xgboost	"[""position"", ""exogenous"", ""hpo""]"	AutoXGBoost			SOURCE_DECLARED				broad_v1	lag_ml	mfauto-xgboost	mlforecast_auto		mfauto-xgboost	AutoMLForecast wrapper with upstream default search space						UNKNOWN	False	NOT_RUN		broad_v1			expanded_v2		
autocatboost					mfauto-catboost	"[""position"", ""exogenous"", ""hpo""]"	AutoCatboost			SOURCE_DECLARED				broad_v1	lag_ml	mfauto-catboost	mlforecast_auto		mfauto-catboost	AutoMLForecast wrapper with upstream default search space						UNKNOWN	False	NOT_RUN		broad_v1			expanded_v2		
autolinearregression					mfauto-linearregression	"[""position"", ""exogenous"", ""hpo""]"	AutoLinearRegression			SOURCE_DECLARED				broad_v1	lag_ml	mfauto-linearregression	mlforecast_auto		mfauto-linearregression	AutoMLForecast wrapper with upstream default search space						UNKNOWN	False	NOT_RUN		broad_v1			expanded_v2		
autoridge					mfauto-ridge	"[""position"", ""exogenous"", ""hpo""]"	AutoRidge			SOURCE_DECLARED				broad_v1	lag_ml	mfauto-ridge	mlforecast_auto		mfauto-ridge	AutoMLForecast wrapper with upstream default search space						UNKNOWN	False	NOT_RUN		broad_v1			expanded_v2		
autolasso					mfauto-lasso	"[""position"", ""exogenous"", ""hpo""]"	AutoLasso			SOURCE_DECLARED				broad_v1	lag_ml	mfauto-lasso	mlforecast_auto		mfauto-lasso	AutoMLForecast wrapper with upstream default search space						UNKNOWN	False	NOT_RUN		broad_v1			expanded_v2		
autoelasticnet					mfauto-elasticnet	"[""position"", ""exogenous"", ""hpo""]"	AutoElasticNet			SOURCE_DECLARED				broad_v1	lag_ml	mfauto-elasticnet	mlforecast_auto		mfauto-elasticnet	AutoMLForecast wrapper with upstream default search space						UNKNOWN	False	NOT_RUN		broad_v1			expanded_v2		
autorandomforest					mfauto-randomforest	"[""position"", ""exogenous"", ""hpo""]"	AutoRandomForest			SOURCE_DECLARED				broad_v1	lag_ml	mfauto-randomforest	mlforecast_auto		mfauto-randomforest	AutoMLForecast wrapper with upstream default search space						UNKNOWN	False	NOT_RUN		broad_v1			expanded_v2		
bottomup					hf-bottomup	"[""reconciliation"", ""coherence""]"	BottomUp			SOURCE_DECLARED				broad_v1	reconciliation	hf-bottomup	hierarchicalforecast		hf-bottomup	enforces coherence across the number/decade/parity hierarchy						UNKNOWN	False	NOT_RUN		broad_v1			expanded_v2		
bottomupsparse					hf-bottomupsparse	"[""reconciliation"", ""coherence""]"	BottomUpSparse			SOURCE_DECLARED				broad_v1	reconciliation	hf-bottomupsparse	hierarchicalforecast		hf-bottomupsparse	enforces coherence across the number/decade/parity hierarchy						UNKNOWN	False	NOT_RUN		broad_v1			expanded_v2		
topdown					hf-topdown	"[""reconciliation"", ""coherence""]"	TopDown			SOURCE_DECLARED				broad_v1	reconciliation	hf-topdown	hierarchicalforecast		hf-topdown	enforces coherence across the number/decade/parity hierarchy						UNKNOWN	False	NOT_RUN		broad_v1			expanded_v2		
topdownsparse					hf-topdownsparse	"[""reconciliation"", ""coherence""]"	TopDownSparse			SOURCE_DECLARED				broad_v1	reconciliation	hf-topdownsparse	hierarchicalforecast		hf-topdownsparse	enforces coherence across the number/decade/parity hierarchy						UNKNOWN	False	NOT_RUN		broad_v1			expanded_v2		
middleout					hf-middleout	"[""reconciliation"", ""coherence""]"	MiddleOut			SOURCE_DECLARED				broad_v1	reconciliation	hf-middleout	hierarchicalforecast		hf-middleout	enforces coherence across the number/decade/parity hierarchy						UNKNOWN	False	NOT_RUN		broad_v1			expanded_v2		
middleoutsparse					hf-middleoutsparse	"[""reconciliation"", ""coherence""]"	MiddleOutSparse			SOURCE_DECLARED				broad_v1	reconciliation	hf-middleoutsparse	hierarchicalforecast		hf-middleoutsparse	enforces coherence across the number/decade/parity hierarchy						UNKNOWN	False	NOT_RUN		broad_v1			expanded_v2		
mintrace					hf-mintrace	"[""reconciliation"", ""coherence""]"	MinTrace			SOURCE_DECLARED				broad_v1	reconciliation	hf-mintrace	hierarchicalforecast		hf-mintrace	enforces coherence across the number/decade/parity hierarchy						UNKNOWN	False	NOT_RUN		broad_v1			expanded_v2		
mintracesparse					hf-mintracesparse	"[""reconciliation"", ""coherence""]"	MinTraceSparse			SOURCE_DECLARED				broad_v1	reconciliation	hf-mintracesparse	hierarchicalforecast		hf-mintracesparse	enforces coherence across the number/decade/parity hierarchy						UNKNOWN	False	NOT_RUN		broad_v1			expanded_v2		
optimalcombination					hf-optimalcombination	"[""reconciliation"", ""coherence""]"	OptimalCombination			SOURCE_DECLARED				broad_v1	reconciliation	hf-optimalcombination	hierarchicalforecast		hf-optimalcombination	enforces coherence across the number/decade/parity hierarchy						UNKNOWN	False	NOT_RUN		broad_v1			expanded_v2		
erm					hf-erm	"[""reconciliation"", ""coherence""]"	ERM			SOURCE_DECLARED				broad_v1	reconciliation	hf-erm	hierarchicalforecast		hf-erm	enforces coherence across the number/decade/parity hierarchy						UNKNOWN	False	NOT_RUN		broad_v1			expanded_v2		
chronos2pipeline					chronos-2	"[""zero_shot"", ""position"", ""probability""]"	Chronos2Pipeline			SOURCE_DECLARED				broad_v1	tsfm	chronos-2	tsfm		chronos-2	highest-download TSFM; zero-shot, covariate-capable						UNKNOWN	False	NOT_RUN		broad_v1			expanded_v2		
chronosboltpipeline					chronos-bolt-tiny	"[""zero_shot"", ""position"", ""probability""]"	ChronosBoltPipeline			SOURCE_DECLARED				broad_v1	tsfm	chronos-bolt-tiny	tsfm		chronos-bolt-tiny	fastest Chronos variant; CPU-viable						UNKNOWN	False	NOT_RUN		broad_v1			expanded_v2		
chronospipeline					chronos-t5-small	"[""zero_shot"", ""position"", ""probability""]"	ChronosPipeline			SOURCE_DECLARED				broad_v1	tsfm	chronos-t5-small	tsfm		chronos-t5-small	T5 tokenised Chronos						UNKNOWN	False	NOT_RUN		broad_v1			expanded_v2		
chronospipeline					chronos-t5-base	"[""zero_shot"", ""position"", ""probability""]"	ChronosPipeline			SOURCE_DECLARED				broad_v1	tsfm	chronos-t5-base	tsfm		chronos-t5-base							UNKNOWN	False	NOT_RUN		broad_v1			expanded_v2		
timesfmmodelforprediction					timesfm-2.5-transformers	"[""zero_shot"", ""position""]"	TimesFmModelForPrediction			SOURCE_DECLARED				broad_v1	tsfm	timesfm-2.5-transformers	tsfm		timesfm-2.5-transformers	transformers-native; preferred over the -pytorch checkpoint (no trust_remote_code)						UNKNOWN	False	NOT_RUN		broad_v1			expanded_v2		
tinytimemixerforprediction					granite-ttm-r2	"[""zero_shot"", ""position""]"	TinyTimeMixerForPrediction			SOURCE_DECLARED				broad_v1	tsfm	granite-ttm-r2	tsfm		granite-ttm-r2	Apache-licensed replacement for ibm-research/ttm-r3 (non-commercial)						UNKNOWN	False	NOT_RUN		broad_v1			expanded_v2		
flowstateforprediction					granite-flowstate-r1	"[""zero_shot"", ""position""]"	FlowStateForPrediction			SOURCE_DECLARED				broad_v1	tsfm	granite-flowstate-r1	tsfm		granite-flowstate-r1	9M params; smallest credible zero-shot forecaster						UNKNOWN	False	NOT_RUN		broad_v1			expanded_v2		
patchtstforprediction					granite-patchtst	"[""zero_shot"", ""position""]"	PatchTSTForPrediction			SOURCE_DECLARED				broad_v1	tsfm	granite-patchtst	tsfm		granite-patchtst							UNKNOWN	False	NOT_RUN		broad_v1			expanded_v2		
patchtsmixerforprediction					granite-patchtsmixer	"[""zero_shot"", ""position""]"	PatchTSMixerForPrediction			SOURCE_DECLARED				broad_v1	tsfm	granite-patchtsmixer	tsfm		granite-patchtsmixer							UNKNOWN	False	NOT_RUN		broad_v1			expanded_v2		
moiraiforecast					moirai-2.0-small	"[""zero_shot"", ""position"", ""probability""]"	MoiraiForecast			SOURCE_DECLARED				broad_v1	tsfm	moirai-2.0-small	tsfm		moirai-2.0-small							UNKNOWN	False	NOT_RUN		broad_v1			expanded_v2		
moiraiforecast					moirai-1.0-base	"[""zero_shot"", ""position"", ""probability""]"	MoiraiForecast			SOURCE_DECLARED				broad_v1	tsfm	moirai-1.0-base	tsfm		moirai-1.0-base							UNKNOWN	False	NOT_RUN		broad_v1			expanded_v2		
tirex					tirex-2	"[""zero_shot"", ""position""]"	TiRex			SOURCE_DECLARED				broad_v1	tsfm	tirex-2	tsfm		tirex-2	xLSTM-based; successor to TiRex						UNKNOWN	False	NOT_RUN		broad_v1			expanded_v2		
totoforecaster					toto-open-base	"[""zero_shot"", ""position"", ""probability""]"	TotoForecaster			SOURCE_DECLARED				broad_v1	tsfm	toto-open-base	tsfm		toto-open-base	observability-domain pretraining						UNKNOWN	False	NOT_RUN		broad_v1			expanded_v2		
totoforecaster					toto-2.0-4m	"[""zero_shot"", ""position"", ""probability""]"	TotoForecaster			SOURCE_DECLARED				broad_v1	tsfm	toto-2.0-4m	tsfm		toto-2.0-4m							UNKNOWN	False	NOT_RUN		broad_v1			expanded_v2		
momentpipeline					moment-1-small	"[""zero_shot"", ""position""]"	MOMENTPipeline			SOURCE_DECLARED				broad_v1	tsfm	moment-1-small	tsfm		moment-1-small	general TS embedding model; forecasting head required						UNKNOWN	False	NOT_RUN		broad_v1			expanded_v2		
momentpipeline					moment-1-large	"[""zero_shot"", ""position""]"	MOMENTPipeline			SOURCE_DECLARED				broad_v1	tsfm	moment-1-large	tsfm		moment-1-large							UNKNOWN	False	NOT_RUN		broad_v1			expanded_v2		
lagllamaestimator					lag-llama	"[""zero_shot"", ""position"", ""probability""]"	LagLlamaEstimator			SOURCE_DECLARED				broad_v1	tsfm	lag-llama	tsfm		lag-llama							UNKNOWN	False	NOT_RUN		broad_v1			expanded_v2		
kronospredictor					kronos-base	"[""zero_shot"", ""position""]"	KronosPredictor			SOURCE_DECLARED				broad_v1	tsfm	kronos-base	tsfm		kronos-base	discrete-token financial series model						UNKNOWN	False	NOT_RUN		broad_v1			expanded_v2		
sundialforprediction					sundial-base	"[""zero_shot"", ""position"", ""probability""]"	SundialForPrediction			SOURCE_DECLARED				broad_v1	tsfm	sundial-base	tsfm		sundial-base							UNKNOWN	False	NOT_RUN		broad_v1			expanded_v2		
tabpfntimeseries					tabpfn-ts	"[""zero_shot"", ""position""]"	TabPFNTimeSeries			SOURCE_DECLARED				broad_v1	foundation_tabular	tabpfn-ts	tsfm		tabpfn-ts	tabular foundation model applied to the candidate matrix						UNKNOWN	False	NOT_RUN		broad_v1			expanded_v2		
t0pipeline					t0-alpha	"[""zero_shot"", ""position""]"	T0Pipeline			SOURCE_DECLARED				broad_v1	tsfm	t0-alpha	tsfm		t0-alpha	GATED: weights resolve to zero bytes without accepted terms; kept as a known-blocked entry so the availability probe reports it explicitly						UNKNOWN	False	NOT_RUN		broad_v1			expanded_v2		
regressionensemblemodel					darts-ensemble	"[""position"", ""ensemble""]"	RegressionEnsembleModel			SOURCE_DECLARED				broad_v1	framework	darts-ensemble	darts		darts-ensemble							UNKNOWN	False	NOT_RUN		broad_v1			expanded_v2		
esn					reservoir-esn	"[""position""]"	ESN			SOURCE_DECLARED				broad_v1	reservoir	reservoir-esn	reservoirpy		reservoir-esn							UNKNOWN	False	NOT_RUN		broad_v1			expanded_v2		
ensembleforecaster					sktime-ensemble	"[""position"", ""ensemble""]"	EnsembleForecaster			SOURCE_DECLARED				broad_v1	framework	sktime-ensemble	sktime		sktime-ensemble							UNKNOWN	False	NOT_RUN		broad_v1			expanded_v2		
adida					autogluon-timeseries	"[""position_series"", ""automl_provider""]"	ADIDAModel			SOURCE_DECLARED				provider	intermittent	autogluon-adida	autogluon		autogluon-adida	source-declared AutoGluon model; runtime certification is separate						UNKNOWN	False	NOT_RUN	ADIDA	autogluon_source_model			expanded_v2		
arima					autogluon-timeseries	"[""position_series"", ""automl_provider""]"	ARIMAModel			SOURCE_DECLARED				provider	statistical	autogluon-arima	autogluon		autogluon-arima	source-declared AutoGluon model; runtime certification is separate						UNKNOWN	False	NOT_RUN	ARIMA	autogluon_source_model			expanded_v2		
autoarima					autogluon-timeseries	"[""position_series"", ""automl_provider""]"	AutoARIMAModel			SOURCE_DECLARED				provider	statistical	autogluon-autoarima	autogluon		autogluon-autoarima	source-declared AutoGluon model; runtime certification is separate						UNKNOWN	False	NOT_RUN	AutoARIMA	autogluon_source_model			expanded_v2		
autoces					autogluon-timeseries	"[""position_series"", ""automl_provider""]"	AutoCESModel			SOURCE_DECLARED				provider	statistical	autogluon-autoces	autogluon		autogluon-autoces	source-declared AutoGluon model; runtime certification is separate						UNKNOWN	False	NOT_RUN	AutoCES	autogluon_source_model			expanded_v2		
autoets					autogluon-timeseries	"[""position_series"", ""automl_provider""]"	AutoETSModel			SOURCE_DECLARED				provider	statistical	autogluon-autoets	autogluon		autogluon-autoets	source-declared AutoGluon model; runtime certification is separate						UNKNOWN	False	NOT_RUN	AutoETS	autogluon_source_model			expanded_v2		
average					autogluon-timeseries	"[""position_series"", ""automl_provider""]"	AverageModel			SOURCE_DECLARED				provider	baseline	autogluon-average	autogluon		autogluon-average	source-declared AutoGluon model; runtime certification is separate						UNKNOWN	False	NOT_RUN	Average	autogluon_source_model			expanded_v2		
croston					autogluon-timeseries	"[""position_series"", ""automl_provider""]"	CrostonModel			SOURCE_DECLARED				provider	intermittent	autogluon-croston	autogluon		autogluon-croston	source-declared AutoGluon model; runtime certification is separate						UNKNOWN	False	NOT_RUN	Croston	autogluon_source_model			expanded_v2		
dlinear					autogluon-timeseries	"[""position_series"", ""automl_provider""]"	DLinearModel			SOURCE_DECLARED				provider	deep_learning	autogluon-dlinear	autogluon		autogluon-dlinear	source-declared AutoGluon model; runtime certification is separate						UNKNOWN	False	NOT_RUN	DLinear	autogluon_source_model			expanded_v2		
deepar					autogluon-timeseries	"[""position_series"", ""automl_provider""]"	DeepARModel			SOURCE_DECLARED				provider	deep_probabilistic	autogluon-deepar	autogluon		autogluon-deepar	source-declared AutoGluon model; runtime certification is separate						UNKNOWN	False	NOT_RUN	DeepAR	autogluon_source_model			expanded_v2		
directtabular					autogluon-timeseries	"[""position_series"", ""automl_provider""]"	DirectTabularModel			SOURCE_DECLARED				provider	tabular	autogluon-directtabular	autogluon		autogluon-directtabular	source-declared AutoGluon model; runtime certification is separate						UNKNOWN	False	NOT_RUN	DirectTabular	autogluon_source_model			expanded_v2		
dynamicoptimizedtheta					autogluon-timeseries	"[""position_series"", ""automl_provider""]"	DynamicOptimizedThetaModel			SOURCE_DECLARED				provider	statistical	autogluon-dynamicoptimizedtheta	autogluon		autogluon-dynamicoptimizedtheta	source-declared AutoGluon model; runtime certification is separate						UNKNOWN	False	NOT_RUN	DynamicOptimizedTheta	autogluon_source_model			expanded_v2		
ets					autogluon-timeseries	"[""position_series"", ""automl_provider""]"	ETSModel			SOURCE_DECLARED				provider	statistical	autogluon-ets	autogluon		autogluon-ets	source-declared AutoGluon model; runtime certification is separate						UNKNOWN	False	NOT_RUN	ETS	autogluon_source_model			expanded_v2		
imapa					autogluon-timeseries	"[""position_series"", ""automl_provider""]"	IMAPAModel			SOURCE_DECLARED				provider	intermittent	autogluon-imapa	autogluon		autogluon-imapa	source-declared AutoGluon model; runtime certification is separate						UNKNOWN	False	NOT_RUN	IMAPA	autogluon_source_model			expanded_v2		
chronos					autogluon-timeseries	"[""position_series"", ""automl_provider""]"	ChronosModel			SOURCE_DECLARED				provider	foundation	autogluon-chronos	autogluon		autogluon-chronos	source-declared AutoGluon model; runtime certification is separate						UNKNOWN	False	NOT_RUN	Chronos	autogluon_source_model			expanded_v2		
chronos-2					autogluon-timeseries	"[""position_series"", ""automl_provider""]"	Chronos2Model			SOURCE_DECLARED				provider	foundation	autogluon-chronos2	autogluon		autogluon-chronos2	source-declared AutoGluon model; runtime certification is separate						UNKNOWN	False	NOT_RUN	Chronos2	autogluon_source_model			expanded_v2		
npts					autogluon-timeseries	"[""position_series"", ""automl_provider""]"	NPTSModel			SOURCE_DECLARED				provider	nonparametric	autogluon-npts	autogluon		autogluon-npts	source-declared AutoGluon model; runtime certification is separate						UNKNOWN	False	NOT_RUN	NPTS	autogluon_source_model			expanded_v2		
naive					autogluon-timeseries	"[""position_series"", ""automl_provider""]"	NaiveModel			SOURCE_DECLARED				provider	baseline	autogluon-naive	autogluon		autogluon-naive	source-declared AutoGluon model; runtime certification is separate						UNKNOWN	False	NOT_RUN	Naive	autogluon_source_model			expanded_v2		
patchtst					autogluon-timeseries	"[""position_series"", ""automl_provider""]"	PatchTSTModel			SOURCE_DECLARED				provider	deep_learning	autogluon-patchtst	autogluon		autogluon-patchtst	source-declared AutoGluon model; runtime certification is separate						UNKNOWN	False	NOT_RUN	PatchTST	autogluon_source_model			expanded_v2		
persteptabular					autogluon-timeseries	"[""position_series"", ""automl_provider""]"	PerStepTabularModel			SOURCE_DECLARED				provider	tabular	autogluon-persteptabular	autogluon		autogluon-persteptabular	source-declared AutoGluon model; runtime certification is separate						UNKNOWN	False	NOT_RUN	PerStepTabular	autogluon_source_model			expanded_v2		
recursivetabular					autogluon-timeseries	"[""position_series"", ""automl_provider""]"	RecursiveTabularModel			SOURCE_DECLARED				provider	tabular	autogluon-recursivetabular	autogluon		autogluon-recursivetabular	source-declared AutoGluon model; runtime certification is separate						UNKNOWN	False	NOT_RUN	RecursiveTabular	autogluon_source_model			expanded_v2		
seasonalaverage					autogluon-timeseries	"[""position_series"", ""automl_provider""]"	SeasonalAverageModel			SOURCE_DECLARED				provider	baseline	autogluon-seasonalaverage	autogluon		autogluon-seasonalaverage	source-declared AutoGluon model; runtime certification is separate						UNKNOWN	False	NOT_RUN	SeasonalAverage	autogluon_source_model			expanded_v2		
seasonalnaive					autogluon-timeseries	"[""position_series"", ""automl_provider""]"	SeasonalNaiveModel			SOURCE_DECLARED				provider	baseline	autogluon-seasonalnaive	autogluon		autogluon-seasonalnaive	source-declared AutoGluon model; runtime certification is separate						UNKNOWN	False	NOT_RUN	SeasonalNaive	autogluon_source_model			expanded_v2		
simplefeedforward					autogluon-timeseries	"[""position_series"", ""automl_provider""]"	SimpleFeedForwardModel			SOURCE_DECLARED				provider	deep_learning	autogluon-simplefeedforward	autogluon		autogluon-simplefeedforward	source-declared AutoGluon model; runtime certification is separate						UNKNOWN	False	NOT_RUN	SimpleFeedForward	autogluon_source_model			expanded_v2		
tft					autogluon-timeseries	"[""position_series"", ""automl_provider""]"	TemporalFusionTransformerModel			SOURCE_DECLARED				provider	deep_probabilistic	autogluon-temporalfusiontransformer	autogluon		autogluon-temporalfusiontransformer	source-declared AutoGluon model; runtime certification is separate						UNKNOWN	False	NOT_RUN	TemporalFusionTransformer	autogluon_source_model			expanded_v2		
theta					autogluon-timeseries	"[""position_series"", ""automl_provider""]"	ThetaModel			SOURCE_DECLARED				provider	statistical	autogluon-theta	autogluon		autogluon-theta	source-declared AutoGluon model; runtime certification is separate						UNKNOWN	False	NOT_RUN	Theta	autogluon_source_model			expanded_v2		
tide					autogluon-timeseries	"[""position_series"", ""automl_provider""]"	TiDEModel			SOURCE_DECLARED				provider	deep_learning	autogluon-tide	autogluon		autogluon-tide	source-declared AutoGluon model; runtime certification is separate						UNKNOWN	False	NOT_RUN	TiDE	autogluon_source_model			expanded_v2		
toto					autogluon-timeseries	"[""position_series"", ""automl_provider""]"	TotoModel			SOURCE_DECLARED				provider	foundation	autogluon-toto	autogluon		autogluon-toto	source-declared AutoGluon model; runtime certification is separate						UNKNOWN	False	NOT_RUN	Toto	autogluon_source_model			expanded_v2		
wavenet					autogluon-timeseries	"[""position_series"", ""automl_provider""]"	WaveNetModel			SOURCE_DECLARED				provider	deep_probabilistic	autogluon-wavenet	autogluon		autogluon-wavenet	source-declared AutoGluon model; runtime certification is separate						UNKNOWN	False	NOT_RUN	WaveNet	autogluon_source_model			expanded_v2		
zero					autogluon-timeseries	"[""position_series"", ""automl_provider""]"	ZeroModel			SOURCE_DECLARED				provider	baseline	autogluon-zero	autogluon		autogluon-zero	source-declared AutoGluon model; runtime certification is separate						UNKNOWN	False	NOT_RUN	Zero	autogluon_source_model			expanded_v2		
greedyensemble					autogluon-timeseries	"[""position_series"", ""ensemble"", ""automl_provider""]"	GreedyEnsemble			SOURCE_DECLARED				provider	ensemble	autogluon-ensemble-greedy	autogluon		autogluon-ensemble-greedy	source-declared AutoGluon ensemble; selectable aliases=Greedy,Weighted; runtime certification is separate						UNKNOWN	False	NOT_RUN	Greedy	autogluon_source_ensemble			expanded_v2		
peritemgreedyensemble					autogluon-timeseries	"[""position_series"", ""ensemble"", ""automl_provider""]"	PerItemGreedyEnsemble			SOURCE_DECLARED				provider	ensemble	autogluon-ensemble-peritemgreedy	autogluon		autogluon-ensemble-peritemgreedy	source-declared AutoGluon ensemble; selectable aliases=PerItemGreedy; runtime certification is separate						UNKNOWN	False	NOT_RUN	PerItemGreedy	autogluon_source_ensemble			expanded_v2		
performanceweightedensemble					autogluon-timeseries	"[""position_series"", ""ensemble"", ""automl_provider""]"	PerformanceWeightedEnsemble			SOURCE_DECLARED				provider	ensemble	autogluon-ensemble-performanceweighted	autogluon		autogluon-ensemble-performanceweighted	source-declared AutoGluon ensemble; selectable aliases=PerformanceWeighted; runtime certification is separate						UNKNOWN	False	NOT_RUN	PerformanceWeighted	autogluon_source_ensemble			expanded_v2		
simpleaverageensemble					autogluon-timeseries	"[""position_series"", ""ensemble"", ""automl_provider""]"	SimpleAverageEnsemble			SOURCE_DECLARED				provider	ensemble	autogluon-ensemble-simpleaverage	autogluon		autogluon-ensemble-simpleaverage	source-declared AutoGluon ensemble; selectable aliases=SimpleAverage; runtime certification is separate						UNKNOWN	False	NOT_RUN	SimpleAverage	autogluon_source_ensemble			expanded_v2		
medianensemble					autogluon-timeseries	"[""position_series"", ""ensemble"", ""automl_provider""]"	MedianEnsemble			SOURCE_DECLARED				provider	ensemble	autogluon-ensemble-median	autogluon		autogluon-ensemble-median	source-declared AutoGluon ensemble; selectable aliases=Median; runtime certification is separate						UNKNOWN	False	NOT_RUN	Median	autogluon_source_ensemble			expanded_v2		
tabularensemble					autogluon-timeseries	"[""position_series"", ""ensemble"", ""automl_provider""]"	TabularEnsemble			SOURCE_DECLARED				provider	ensemble	autogluon-ensemble-tabular	autogluon		autogluon-ensemble-tabular	source-declared AutoGluon ensemble; selectable aliases=Tabular; runtime certification is separate						UNKNOWN	False	NOT_RUN	Tabular	autogluon_source_ensemble			expanded_v2		
perquantiletabularensemble					autogluon-timeseries	"[""position_series"", ""ensemble"", ""automl_provider""]"	PerQuantileTabularEnsemble			SOURCE_DECLARED				provider	ensemble	autogluon-ensemble-perquantiletabular	autogluon		autogluon-ensemble-perquantiletabular	source-declared AutoGluon ensemble; selectable aliases=PerQuantileTabular; runtime certification is separate						UNKNOWN	False	NOT_RUN	PerQuantileTabular	autogluon_source_ensemble			expanded_v2		
linearstackerensemble					autogluon-timeseries	"[""position_series"", ""ensemble"", ""automl_provider""]"	LinearStackerEnsemble			SOURCE_DECLARED				provider	ensemble	autogluon-ensemble-linearstacker	autogluon		autogluon-ensemble-linearstacker	source-declared AutoGluon ensemble; selectable aliases=LinearStacker; runtime certification is separate						UNKNOWN	False	NOT_RUN	LinearStacker	autogluon_source_ensemble			expanded_v2		
deepnpts					gluonts-deepar	"[""position_series"", ""fit"", ""predict"", ""save_reload_contract"", ""cpu_p6_contract"", ""distribution_intrinsic"", ""trainer_native_epoch"", ""context_length""]"	DeepNPTSEstimator			SOURCE_DECLARED				gluonts_p6_provider	deep_probabilistic	gluonts-torch-deepnpts	gluonts		gluonts-torch-deepnpts	source_path=src/gluonts/torch/model/deep_npts/_estimator.py; official_source_tags=v0.16.3,v0.17.0; P6 device policy=cpu; exogenous/multivariate/GPU support is not certified by this inventory; runtime certification is separate						UNKNOWN	False	NOT_RUN	gluonts.torch.model.deep_npts	gluonts_p6_registry			expanded_v2		
deepar					gluonts-deepar	"[""position_series"", ""fit"", ""predict"", ""save_reload_contract"", ""cpu_p6_contract"", ""distribution_student_t"", ""trainer_lightning"", ""context_length""]"	DeepAREstimator			SOURCE_DECLARED				gluonts_p6_provider	deep_probabilistic	gluonts-torch-deepar	gluonts		gluonts-torch-deepar	source_path=src/gluonts/torch/model/deepar/estimator.py; official_source_tags=v0.16.3,v0.17.0; P6 device policy=cpu; exogenous/multivariate/GPU support is not certified by this inventory; runtime certification is separate						UNKNOWN	False	NOT_RUN	gluonts.torch.model.deepar	gluonts_p6_registry			expanded_v2		
tide					gluonts-deepar	"[""position_series"", ""fit"", ""predict"", ""save_reload_contract"", ""cpu_p6_contract"", ""distribution_intrinsic"", ""trainer_lightning""]"	TiDEEstimator			SOURCE_DECLARED				gluonts_p6_provider	mlp	gluonts-torch-tide	gluonts		gluonts-torch-tide	source_path=src/gluonts/torch/model/tide/estimator.py; official_source_tags=v0.16.3,v0.17.0; P6 device policy=cpu; exogenous/multivariate/GPU support is not certified by this inventory; runtime certification is separate						UNKNOWN	False	NOT_RUN	gluonts.torch.model.tide	gluonts_p6_registry			expanded_v2		
simplefeedforward					gluonts-deepar	"[""position_series"", ""fit"", ""predict"", ""save_reload_contract"", ""cpu_p6_contract"", ""distribution_intrinsic"", ""trainer_lightning""]"	SimpleFeedForwardEstimator			SOURCE_DECLARED				gluonts_p6_provider	mlp	gluonts-torch-simplefeedforward	gluonts		gluonts-torch-simplefeedforward	source_path=src/gluonts/torch/model/simple_feedforward/estimator.py; official_source_tags=v0.16.3,v0.17.0; P6 device policy=cpu; exogenous/multivariate/GPU support is not certified by this inventory; runtime certification is separate						UNKNOWN	False	NOT_RUN	gluonts.torch.model.simple_feedforward	gluonts_p6_registry			expanded_v2		
tft					gluonts-deepar	"[""position_series"", ""fit"", ""predict"", ""save_reload_contract"", ""cpu_p6_contract"", ""distribution_student_t"", ""trainer_lightning""]"	TemporalFusionTransformerEstimator			SOURCE_DECLARED				gluonts_p6_provider	transformer	gluonts-torch-temporalfusiontransformer	gluonts		gluonts-torch-temporalfusiontransformer	source_path=src/gluonts/torch/model/tft/estimator.py; official_source_tags=v0.16.3,v0.17.0; P6 device policy=cpu; exogenous/multivariate/GPU support is not certified by this inventory; runtime certification is separate						UNKNOWN	False	NOT_RUN	gluonts.torch.model.tft	gluonts_p6_registry			expanded_v2		
wavenet					gluonts-deepar	"[""position_series"", ""fit"", ""predict"", ""save_reload_contract"", ""cpu_p6_contract"", ""distribution_intrinsic"", ""trainer_lightning""]"	WaveNetEstimator			SOURCE_DECLARED				gluonts_p6_provider	cnn	gluonts-torch-wavenet	gluonts		gluonts-torch-wavenet	source_path=src/gluonts/torch/model/wavenet/estimator.py; official_source_tags=v0.16.3,v0.17.0; P6 device policy=cpu; exogenous/multivariate/GPU support is not certified by this inventory; runtime certification is separate						UNKNOWN	False	NOT_RUN	gluonts.torch.model.wavenet	gluonts_p6_registry			expanded_v2		
dlinear					gluonts-deepar	"[""position_series"", ""fit"", ""predict"", ""save_reload_contract"", ""cpu_p6_contract"", ""distribution_intrinsic"", ""trainer_lightning""]"	DLinearEstimator			SOURCE_DECLARED				gluonts_p6_provider	linear	gluonts-torch-dlinear	gluonts		gluonts-torch-dlinear	source_path=src/gluonts/torch/model/d_linear/estimator.py; official_source_tags=v0.16.3,v0.17.0; P6 device policy=cpu; exogenous/multivariate/GPU support is not certified by this inventory; runtime certification is separate						UNKNOWN	False	NOT_RUN	gluonts.torch.model.d_linear	gluonts_p6_registry			expanded_v2		
patchtst					gluonts-deepar	"[""position_series"", ""fit"", ""predict"", ""save_reload_contract"", ""cpu_p6_contract"", ""distribution_intrinsic"", ""trainer_lightning""]"	PatchTSTEstimator			SOURCE_DECLARED				gluonts_p6_provider	transformer	gluonts-torch-patchtst	gluonts		gluonts-torch-patchtst	source_path=src/gluonts/torch/model/patch_tst/estimator.py; official_source_tags=v0.16.3,v0.17.0; P6 device policy=cpu; exogenous/multivariate/GPU support is not certified by this inventory; runtime certification is separate						UNKNOWN	False	NOT_RUN	gluonts.torch.model.patch_tst	gluonts_p6_registry			expanded_v2		
lagtst					gluonts-deepar	"[""position_series"", ""fit"", ""predict"", ""save_reload_contract"", ""cpu_p6_contract"", ""distribution_intrinsic"", ""trainer_lightning""]"	LagTSTEstimator			SOURCE_DECLARED				gluonts_p6_provider	transformer	gluonts-torch-lagtst	gluonts		gluonts-torch-lagtst	source_path=src/gluonts/torch/model/lag_tst/estimator.py; official_source_tags=v0.16.3,v0.17.0; P6 device policy=cpu; exogenous/multivariate/GPU support is not certified by this inventory; runtime certification is separate						UNKNOWN	False	NOT_RUN	gluonts.torch.model.lag_tst	gluonts_p6_registry			expanded_v2		
recursive-ridge					skforecast-recursive	"[""position_series"", ""exogenous""]"	ForecasterRecursive			OPERATOR_LOCAL_EVIDENCE	9fcc1274755dca64c46dc31a9a0f60a9ef1c4ebd			expanded_inventory	recursive_regression	skforecast-recursive-ridge	skforecast		skforecast-recursive-ridge							NOT_CURRENT_MAIN_ROUTABLE	False	OPERATOR_LOCAL_PASS	sklearn.linear_model.Ridge	skforecast_strategy	c881d5d350426985c1c31373077b7d5b620f233d	0.23.0	expanded_v2		
recursive-hist-gradient-boosting					skforecast-recursive	"[""position_series"", ""exogenous""]"	ForecasterRecursive			OPERATOR_LOCAL_EVIDENCE	9fcc1274755dca64c46dc31a9a0f60a9ef1c4ebd			expanded_inventory	recursive_tree_boosting	skforecast-recursive-histgb	skforecast		skforecast-recursive-histgb							NOT_CURRENT_MAIN_ROUTABLE	False	OPERATOR_LOCAL_PASS	sklearn.ensemble.HistGradientBoostingRegressor	skforecast_strategy	c881d5d350426985c1c31373077b7d5b620f233d	0.23.0	expanded_v2		
recursive-lightgbm					skforecast-recursive	"[""position_series"", ""exogenous""]"	ForecasterRecursive			OPERATOR_LOCAL_EVIDENCE	9fcc1274755dca64c46dc31a9a0f60a9ef1c4ebd			expanded_inventory	recursive_external_boosting	skforecast-recursive-lightgbm	skforecast		skforecast-recursive-lightgbm							NOT_CURRENT_MAIN_ROUTABLE	False	OPERATOR_LOCAL_PASS	lightgbm.LGBMRegressor	skforecast_strategy	c881d5d350426985c1c31373077b7d5b620f233d	0.23.0	expanded_v2		
recursive-xgboost					skforecast-recursive	"[""position_series"", ""exogenous""]"	ForecasterRecursive			OPERATOR_LOCAL_EVIDENCE	9fcc1274755dca64c46dc31a9a0f60a9ef1c4ebd			expanded_inventory	recursive_external_boosting	skforecast-recursive-xgboost	skforecast		skforecast-recursive-xgboost							NOT_CURRENT_MAIN_ROUTABLE	False	OPERATOR_LOCAL_PASS	xgboost.XGBRegressor	skforecast_strategy	c881d5d350426985c1c31373077b7d5b620f233d	0.23.0	expanded_v2		
recursive-catboost					skforecast-recursive	"[""position_series"", ""exogenous""]"	ForecasterRecursive			OPERATOR_LOCAL_EVIDENCE	9fcc1274755dca64c46dc31a9a0f60a9ef1c4ebd			expanded_inventory	recursive_external_boosting	skforecast-recursive-catboost	skforecast		skforecast-recursive-catboost							NOT_CURRENT_MAIN_ROUTABLE	False	OPERATOR_LOCAL_PASS	catboost.CatBoostRegressor	skforecast_strategy	c881d5d350426985c1c31373077b7d5b620f233d	0.23.0	expanded_v2		
recursive-classifier-logistic					skforecast-recursive	"[""position_series"", ""exogenous_source_declared"", ""classification""]"	ForecasterRecursiveClassifier			SOURCE_DECLARED				expanded_inventory	recursive_classifier	skforecast-recursive-classifier-logistic	skforecast		skforecast-recursive-classifier-logistic	source-declared ForecasterRecursiveClassifier strategy with a reviewed representative sklearn classifier binding; construction/prediction NOT_RUN						NOT_CURRENT_MAIN_ROUTABLE	False	NOT_RUN	sklearn.linear_model.LogisticRegression	skforecast_strategy	c881d5d350426985c1c31373077b7d5b620f233d	0.23.0	expanded_v2		
direct-ridge					skforecast-recursive	"[""position_series"", ""exogenous""]"	ForecasterDirect			OPERATOR_LOCAL_EVIDENCE	9fcc1274755dca64c46dc31a9a0f60a9ef1c4ebd			expanded_inventory	direct_regression	skforecast-direct-ridge	skforecast		skforecast-direct-ridge							NOT_CURRENT_MAIN_ROUTABLE	False	OPERATOR_LOCAL_PASS	sklearn.linear_model.Ridge	skforecast_strategy	c881d5d350426985c1c31373077b7d5b620f233d	0.23.0	expanded_v2		
recursive-multiseries-ridge					skforecast-recursive	"[""multi_series"", ""exogenous""]"	ForecasterRecursiveMultiSeries			OPERATOR_LOCAL_EVIDENCE	9fcc1274755dca64c46dc31a9a0f60a9ef1c4ebd			expanded_inventory	multi_series	skforecast-recursive-multiseries-ridge	skforecast		skforecast-recursive-multiseries-ridge							NOT_CURRENT_MAIN_ROUTABLE	False	OPERATOR_LOCAL_PASS	sklearn.linear_model.Ridge	skforecast_strategy	c881d5d350426985c1c31373077b7d5b620f233d	0.23.0	expanded_v2		
direct-multivariate-ridge					skforecast-recursive	"[""multivariate"", ""exogenous""]"	ForecasterDirectMultiVariate			OPERATOR_LOCAL_EVIDENCE	9fcc1274755dca64c46dc31a9a0f60a9ef1c4ebd			expanded_inventory	multivariate_direct	skforecast-direct-multivariate-ridge	skforecast		skforecast-direct-multivariate-ridge							NOT_CURRENT_MAIN_ROUTABLE	False	OPERATOR_LOCAL_PASS	sklearn.linear_model.Ridge	skforecast_strategy	c881d5d350426985c1c31373077b7d5b620f233d	0.23.0	expanded_v2		
equivalent-date					skforecast-recursive	"[""position_series"", ""baseline""]"	ForecasterEquivalentDate			OPERATOR_LOCAL_EVIDENCE	9fcc1274755dca64c46dc31a9a0f60a9ef1c4ebd			expanded_inventory	baseline	skforecast-equivalent-date	skforecast		skforecast-equivalent-date							NOT_CURRENT_MAIN_ROUTABLE	False	OPERATOR_LOCAL_PASS	ForecasterEquivalentDate	skforecast_strategy	c881d5d350426985c1c31373077b7d5b620f233d	0.23.0	expanded_v2		
arar					skforecast-recursive	"[""position_series"", ""statistical""]"	ForecasterStats			OPERATOR_LOCAL_EVIDENCE	9fcc1274755dca64c46dc31a9a0f60a9ef1c4ebd			expanded_inventory	statistical_wrapper	skforecast-stats-arar	skforecast		skforecast-stats-arar							NOT_CURRENT_MAIN_ROUTABLE	False	OPERATOR_LOCAL_PASS	skforecast.stats.Arar	skforecast_strategy	c881d5d350426985c1c31373077b7d5b620f233d	0.23.0	expanded_v2		
arima					skforecast-recursive	"[""position_series"", ""statistical""]"	ForecasterStats			SOURCE_DECLARED				expanded_inventory	statistical_wrapper	skforecast-stats-arima	skforecast		skforecast-stats-arima							NOT_CURRENT_MAIN_ROUTABLE	False	NOT_RUN	skforecast.stats.Arima	skforecast_strategy	c881d5d350426985c1c31373077b7d5b620f233d	0.23.0	expanded_v2		
ets					skforecast-recursive	"[""position_series"", ""statistical""]"	ForecasterStats			SOURCE_DECLARED				expanded_inventory	statistical_wrapper	skforecast-stats-ets	skforecast		skforecast-stats-ets							NOT_CURRENT_MAIN_ROUTABLE	False	NOT_RUN	skforecast.stats.Ets	skforecast_strategy	c881d5d350426985c1c31373077b7d5b620f233d	0.23.0	expanded_v2		
sarimax					skforecast-recursive	"[""position_series"", ""statistical"", ""exogenous_source_declared""]"	ForecasterStats			SOURCE_DECLARED				expanded_inventory	statistical_wrapper	skforecast-stats-sarimax	skforecast		skforecast-stats-sarimax							NOT_CURRENT_MAIN_ROUTABLE	False	NOT_RUN	skforecast.stats.Sarimax	skforecast_strategy	c881d5d350426985c1c31373077b7d5b620f233d	0.23.0	expanded_v2		
arima					skforecast-recursive	"[""position_series"", ""statistical"", ""optional_dependency""]"	ForecasterStats			SOURCE_DECLARED				expanded_inventory	statistical_wrapper_external	skforecast-stats-sktime-arima	skforecast		skforecast-stats-sktime-arima	supported by ForecasterStats; underlying sktime dependency pin is a separate gate						NOT_CURRENT_MAIN_ROUTABLE	False	NOT_RUN	sktime.forecasting.ARIMA	skforecast_strategy	c881d5d350426985c1c31373077b7d5b620f233d	0.23.0	expanded_v2		
arima					skforecast-recursive	"[""position_series"", ""statistical"", ""optional_dependency""]"	ForecasterStats			SOURCE_DECLARED				expanded_inventory	statistical_wrapper_external	skforecast-stats-aeon-arima	skforecast		skforecast-stats-aeon-arima	supported by ForecasterStats; underlying aeon dependency pin is a separate gate						NOT_CURRENT_MAIN_ROUTABLE	False	NOT_RUN	aeon.forecasting.stats.ARIMA	skforecast_strategy	c881d5d350426985c1c31373077b7d5b620f233d	0.23.0	expanded_v2		
ets					skforecast-recursive	"[""position_series"", ""statistical"", ""optional_dependency""]"	ForecasterStats			SOURCE_DECLARED				expanded_inventory	statistical_wrapper_external	skforecast-stats-aeon-ets	skforecast		skforecast-stats-aeon-ets	supported by ForecasterStats; underlying aeon dependency pin is a separate gate						NOT_CURRENT_MAIN_ROUTABLE	False	NOT_RUN	aeon.forecasting.stats.ETS	skforecast_strategy	c881d5d350426985c1c31373077b7d5b620f233d	0.23.0	expanded_v2		
lstm					skforecast-recursive	"[""position_series"", ""gpu"", ""cpu_fallback""]"	ForecasterRnn			OPERATOR_LOCAL_EVIDENCE	9fcc1274755dca64c46dc31a9a0f60a9ef1c4ebd			expanded_inventory	rnn	skforecast-rnn-lstm	skforecast		skforecast-rnn-lstm							NOT_CURRENT_MAIN_ROUTABLE	False	OPERATOR_LOCAL_PASS	LSTM	skforecast_strategy	c881d5d350426985c1c31373077b7d5b620f233d	0.23.0	expanded_v2		
gru					skforecast-recursive	"[""position_series"", ""gpu""]"	ForecasterRnn			OPERATOR_LOCAL_EVIDENCE	9fcc1274755dca64c46dc31a9a0f60a9ef1c4ebd			expanded_inventory	rnn	skforecast-rnn-gru	skforecast		skforecast-rnn-gru							NOT_CURRENT_MAIN_ROUTABLE	False	OPERATOR_LOCAL_PASS	GRU	skforecast_strategy	c881d5d350426985c1c31373077b7d5b620f233d	0.23.0	expanded_v2		
chronos-2					skforecast-recursive	"[""position_series"", ""foundation"", ""exogenous_source_declared"", ""probabilistic""]"	ForecasterFoundation			SOURCE_DECLARED				expanded_inventory	foundation	skforecast-foundation-chronos2-amazon	skforecast		skforecast-foundation-chronos2-amazon							NOT_CURRENT_MAIN_ROUTABLE	False	NOT_RUN	amazon/chronos-2	skforecast_strategy	c881d5d350426985c1c31373077b7d5b620f233d	0.23.0	expanded_v2		
chronos-2					skforecast-recursive	"[""position_series"", ""foundation"", ""exogenous"", ""probabilistic"", ""gpu"", ""cpu_fallback""]"	ForecasterFoundation			OPERATOR_LOCAL_EVIDENCE	9fcc1274755dca64c46dc31a9a0f60a9ef1c4ebd			expanded_inventory	foundation	skforecast-foundation-chronos2-small	skforecast		skforecast-foundation-chronos2-small							NOT_CURRENT_MAIN_ROUTABLE	False	OPERATOR_LOCAL_PASS	autogluon/chronos-2-small	skforecast_strategy	c881d5d350426985c1c31373077b7d5b620f233d	0.23.0	expanded_v2		
chronos-2					skforecast-recursive	"[""position_series"", ""foundation"", ""exogenous_source_declared"", ""probabilistic""]"	ForecasterFoundation			SOURCE_DECLARED				expanded_inventory	foundation	skforecast-foundation-chronos2-synth	skforecast		skforecast-foundation-chronos2-synth							NOT_CURRENT_MAIN_ROUTABLE	False	NOT_RUN	autogluon/chronos-2-synth	skforecast_strategy	c881d5d350426985c1c31373077b7d5b620f233d	0.23.0	expanded_v2		
timesfm-2.5					skforecast-recursive	"[""position_series"", ""foundation"", ""probabilistic"", ""gpu"", ""cpu_fallback""]"	ForecasterFoundation			OPERATOR_LOCAL_EVIDENCE	9fcc1274755dca64c46dc31a9a0f60a9ef1c4ebd			expanded_inventory	foundation	skforecast-foundation-timesfm25	skforecast		skforecast-foundation-timesfm25	skforecast TimesFM adapter explicitly does not support exogenous variables						NOT_CURRENT_MAIN_ROUTABLE	False	OPERATOR_LOCAL_PASS	google/timesfm-2.5-200m-pytorch	skforecast_strategy	c881d5d350426985c1c31373077b7d5b620f233d	0.23.0	expanded_v2		
moirai-2					skforecast-recursive	"[""position_series"", ""foundation"", ""probabilistic"", ""gpu"", ""cpu_fallback""]"	ForecasterFoundation			OPERATOR_LOCAL_EVIDENCE	9fcc1274755dca64c46dc31a9a0f60a9ef1c4ebd			expanded_inventory	foundation	skforecast-foundation-moirai2	skforecast		skforecast-foundation-moirai2	runtime passed only under a controlled unsupported metadata override; normal dependency routability remains blocked						BLOCKED	False	BLOCKED_DEPENDENCY_CONFLICT	Salesforce/moirai-2.0-R-small	skforecast_strategy	c881d5d350426985c1c31373077b7d5b620f233d	0.23.0	expanded_v2		
tabicl-v2	jingang/TabICL/tabicl-regressor-v2-20260212.ckpt	4dcd344ece2c00be9e831fdd35bed57b5ad83e19	0db9cb538f114e79026bf08f45f41ad8dd7ad2de2aaca9a5ca8cd3bd9748ae7a		skforecast-recursive	"[""position_series"", ""foundation"", ""exogenous"", ""probabilistic"", ""gpu"", ""cpu_fallback""]"	ForecasterFoundation			OPERATOR_LOCAL_EVIDENCE	9fcc1274755dca64c46dc31a9a0f60a9ef1c4ebd			expanded_inventory	foundation	skforecast-foundation-tabicl-v2	skforecast		skforecast-foundation-tabicl-v2	adapter selector is soda-inria/tabicl; verified checkpoint bytes are stored under the separate jingang/TabICL artifact identity						NOT_CURRENT_MAIN_ROUTABLE	False	OPERATOR_LOCAL_PASS	soda-inria/tabicl	skforecast_strategy	c881d5d350426985c1c31373077b7d5b620f233d	0.23.0	expanded_v2		
tabpfn-ts3					skforecast-recursive	"[""position_series"", ""foundation"", ""exogenous_contract_verified""]"	ForecasterFoundation			OPERATOR_LOCAL_EVIDENCE	9fcc1274755dca64c46dc31a9a0f60a9ef1c4ebd			expanded_inventory	foundation	skforecast-foundation-tabpfn-ts3	skforecast		skforecast-foundation-tabpfn-ts3	adapter allow_exog contract passed; checkpoint download/inference did not execute						BLOCKED	False	BLOCKED_INVALID_OR_EXPIRED_TOKEN	priorlabs/tabpfn-ts	skforecast_strategy	c881d5d350426985c1c31373077b7d5b620f233d	0.23.0	expanded_v2		
tfc-t0					skforecast-recursive	"[""position_series"", ""foundation"", ""exogenous_source_declared"", ""probabilistic""]"	ForecasterFoundation			OPERATOR_LOCAL_EVIDENCE	9fcc1274755dca64c46dc31a9a0f60a9ef1c4ebd			expanded_inventory	foundation	skforecast-foundation-t0	skforecast		skforecast-foundation-t0	upstream source declares exogenous support, recorded as source-declared only; T0 was not executed in the current skforecast operator sequence						NOT_CURRENT_MAIN_ROUTABLE	False	NOT_RUN	theforecastingcompany/t0-alpha	skforecast_strategy	c881d5d350426985c1c31373077b7d5b620f233d	0.23.0	expanded_v2		
												provider	scripts/run_chronos_2_provider.py						chronos-2					amazon/chronos-2	29ec3766d36d6f73f0696f85560a422f50e8498c								execution_surface		
												provider	scripts/run_chronos_bolt_provider.py						chronos-bolt-tiny					amazon/chronos-bolt-tiny	a0e552de83495b5c28c14c71c374f3e33280b340								execution_surface		
												provider	scripts/run_chronos_t5_base_provider.py						chronos-t5-base					amazon/chronos-t5-base	ad294eaacead15db499b740ea4122266dd2a81a2								execution_surface		
												provider	scripts/run_chronos_t5_provider.py						chronos-t5-small					amazon/chronos-t5-small	a971ba21945c4f1796b17a91fe69214b5f4ad472								execution_surface		
												provider	scripts/run_granite_flowstate_r1_provider.py						granite-flowstate-r1					ibm-granite/granite-timeseries-flowstate-r1	05effc6cb39ee16dce9dd0064ed1a76e4b8ff464								execution_surface		
												provider	scripts/run_granite_ttm_provider.py											ibm-granite/granite-timeseries-ttm-r2									execution_surface		
												provider	scripts/run_kronos_base_provider.py						kronos-base					NeoQuasar/Kronos-base	2b554741eca47781b64468546e77fef3e85130e6								execution_surface		
												provider	scripts/run_lag_llama_provider.py						lag-llama					time-series-foundation-models/Lag-Llama	72dcfc29da106acfe38250a60f4ae29d1e56a3d9								execution_surface		
												provider	scripts/run_moirai_provider.py											Salesforce/moirai-2.0-R-small	30f43ff08c8494f4943ae1521e9d4e94a0fbb389								execution_surface		
												provider	scripts/run_moment_1_large_provider.py						moment-1-large					AutonLab/MOMENT-1-large	ca58581bc7bea2ebed4e80dc0a3e4b8b609c6ecc								execution_surface		
												provider	scripts/run_moment_1_small_provider.py						moment-1-small					AutonLab/MOMENT-1-small	411e288267f82cce86296dbe4d6c8bc533cc162f								execution_surface		
												provider	scripts/run_sundial_provider.py											thuml/sundial-base-128m	3212e42564493f520593e5414af4367fc4b49226								execution_surface		
												provider	scripts/run_tabpfn_ts_provider.py											Prior-Labs/TabPFN-v2-reg	4972a65a1b30806315c6f92499959ffbfc69a673								execution_surface		
												provider	scripts/run_timesfm_2_5_transformers_provider.py						timesfm-2.5-transformers					google/timesfm-2.5-200m-transformers	5a9806b9b291fad9233b5249d88263f1846304d3								execution_surface		
												provider	scripts/run_timesfm_provider.py											google/timesfm-2.5-200m-pytorch									execution_surface		
												provider	scripts/run_tirex_provider.py											NX-AI/TiRex-2	05e5b26db52bfb256f1ae1bdf785589850482de3								execution_surface		
												provider	scripts/run_toto_2_0_4m_provider.py						toto-2.0-4m					Datadog/Toto-2.0-4m	8306a9801cf98c0f5ffe4b2dcc8f496e616d84d9								execution_surface		
												provider	scripts/run_toto_open_base_provider.py						toto-open-base					Datadog/Toto-Open-Base-1.0	0411ceb27bdf7fc3e4892e99edc8ad08192dc3c5								execution_surface		
