game,library,model_id,model_name,lane,requested_args_json,effective_args_json,args_match,property_status,fit_status,fit_seconds,fit_seconds_status,predict_status,mae,mse,rmse,hit_at_1,position_hit_at_1,all_positions_hit_at_1,best_baseline_id,baseline_mae,baseline_rmse,mae_improvement_vs_baseline,rmse_improvement_vs_baseline,hit_at_1_difference_vs_baseline,train_rows,test_rows,holdout_rows,seed,protocol_hash,data_snapshot_sha256,normalized_file_sha256,prediction_lock_sha256,overall_status,failure_class,failure_reason
bingo5,statsforecast,sf-autoarima,AutoARIMA,UNIVARIATE,{},{},True,VERIFIED,VERIFIED,,NOT_CAPTURED_BY_UNIFIED_CAMPAIGN,VERIFIED,1.22375,2.06375,1.4365757898558642,0.5875,0.5874999999999999,0.02,baseline:mean,1.21625,1.428723206222955,-0.00749999999999984,-0.007852583632909305,0.0,"[332,352,372,392,412]",100,50,1,1eaa04f65df29009e052998928e8f3f56f710d3fd4d006c484f68e670ebba5b5,1e8cd2ae866286001a6c9976ecaa2a9f1a85226112bc5cbd3f7a80e45c1f2b27,7adc619d75b11b3c2ac875d02a90bbaa3ba5a31b96e09d9d8d9972f6c4380484,5c19f95c57ae3d508b44549f7cb30a90b3fb45cd062cccbc438fb0cf59f63938,SUCCEEDED,,nan
bingo5,statsforecast,sf-autoets,AutoETS,UNIVARIATE,"{""season_length"":4}","{""season_length"":4}",True,VERIFIED,VERIFIED,,NOT_CAPTURED_BY_UNIFIED_CAMPAIGN,VERIFIED,1.21625,2.04125,1.428723206222955,0.5875,0.5874999999999999,0.03,baseline:mean,1.21625,1.428723206222955,0.0,0.0,0.0,"[332,352,372,392,412]",100,50,1,1eaa04f65df29009e052998928e8f3f56f710d3fd4d006c484f68e670ebba5b5,1e8cd2ae866286001a6c9976ecaa2a9f1a85226112bc5cbd3f7a80e45c1f2b27,7adc619d75b11b3c2ac875d02a90bbaa3ba5a31b96e09d9d8d9972f6c4380484,dc0e36c9be3bc8f102fd00c6e87716a0aa37219983d2a3b18826a9f285f3665a,SUCCEEDED,,nan
bingo5,statsforecast,sf-autoces,AutoCES,UNIVARIATE,"{""season_length"":4}","{""season_length"":4}",True,VERIFIED,VERIFIED,,NOT_CAPTURED_BY_UNIFIED_CAMPAIGN,VERIFIED,1.21625,2.04625,1.430471950091997,0.5875,0.5874999999999999,0.03,baseline:mean,1.21625,1.428723206222955,0.0,-0.001748743869042002,0.0,"[332,352,372,392,412]",100,50,1,1eaa04f65df29009e052998928e8f3f56f710d3fd4d006c484f68e670ebba5b5,1e8cd2ae866286001a6c9976ecaa2a9f1a85226112bc5cbd3f7a80e45c1f2b27,7adc619d75b11b3c2ac875d02a90bbaa3ba5a31b96e09d9d8d9972f6c4380484,4428c6914dcde6f9c061c0c8629525f551b28509e30a7dc4cf7992a6c05b87a8,SUCCEEDED,,nan
bingo5,statsforecast,sf-autotheta,AutoTheta,UNIVARIATE,{},{},True,VERIFIED,VERIFIED,,NOT_CAPTURED_BY_UNIFIED_CAMPAIGN,VERIFIED,1.23125,2.13625,1.4615915982243466,0.585,0.585,0.02,baseline:mean,1.21625,1.428723206222955,-0.014999999999999902,-0.03286839200139169,-0.0025000000000000577,"[332,352,372,392,412]",100,50,1,1eaa04f65df29009e052998928e8f3f56f710d3fd4d006c484f68e670ebba5b5,1e8cd2ae866286001a6c9976ecaa2a9f1a85226112bc5cbd3f7a80e45c1f2b27,7adc619d75b11b3c2ac875d02a90bbaa3ba5a31b96e09d9d8d9972f6c4380484,9ba0c0fd571fdc5aad2ec979c2823c0d5f47012790d660095ba4e79f5aa10cd5,SUCCEEDED,,nan
bingo5,statsforecast,sf-automfles,AutoMFLES,UNIVARIATE,"{""n_windows"":2,""season_length"":[4],""test_size"":4}","{""n_windows"":2,""season_length"":[4],""test_size"":4}",True,VERIFIED,VERIFIED,,NOT_CAPTURED_BY_UNIFIED_CAMPAIGN,VERIFIED,1.3525,2.71,1.6462077633154328,0.5875,0.5874999999999999,0.02,baseline:mean,1.21625,1.428723206222955,-0.13624999999999998,-0.21748455709247794,0.0,"[332,352,372,392,412]",100,50,1,1eaa04f65df29009e052998928e8f3f56f710d3fd4d006c484f68e670ebba5b5,1e8cd2ae866286001a6c9976ecaa2a9f1a85226112bc5cbd3f7a80e45c1f2b27,7adc619d75b11b3c2ac875d02a90bbaa3ba5a31b96e09d9d8d9972f6c4380484,04f4d9f4025c80f6f3b3e768a18f059916bc33c074480070de8382ff1834ef90,SUCCEEDED,,nan
bingo5,statsforecast,sf-autotbats,AutoTBATS,UNIVARIATE,"{""season_length"":[4]}","{""season_length"":[4]}",True,VERIFIED,VERIFIED,,NOT_CAPTURED_BY_UNIFIED_CAMPAIGN,VERIFIED,1.22125,2.05625,1.4339630399699987,0.5875,0.5874999999999999,0.03,baseline:mean,1.21625,1.428723206222955,-0.004999999999999893,-0.005239833747043843,0.0,"[332,352,372,392,412]",100,50,1,1eaa04f65df29009e052998928e8f3f56f710d3fd4d006c484f68e670ebba5b5,1e8cd2ae866286001a6c9976ecaa2a9f1a85226112bc5cbd3f7a80e45c1f2b27,7adc619d75b11b3c2ac875d02a90bbaa3ba5a31b96e09d9d8d9972f6c4380484,cf88343938489761b936658293d77fbb528640f8f75c4d746da22cc893d1e88e,SUCCEEDED,,nan
bingo5,statsforecast,sf-arima,ARIMA,UNIVARIATE,"{""order"":[1,0,0]}","{""order"":[1,0,0]}",True,VERIFIED,VERIFIED,,NOT_CAPTURED_BY_UNIFIED_CAMPAIGN,VERIFIED,1.21625,2.04125,1.428723206222955,0.5875,0.5874999999999999,0.03,baseline:mean,1.21625,1.428723206222955,0.0,0.0,0.0,"[332,352,372,392,412]",100,50,1,1eaa04f65df29009e052998928e8f3f56f710d3fd4d006c484f68e670ebba5b5,1e8cd2ae866286001a6c9976ecaa2a9f1a85226112bc5cbd3f7a80e45c1f2b27,7adc619d75b11b3c2ac875d02a90bbaa3ba5a31b96e09d9d8d9972f6c4380484,0d0e7fdb95de880491b7571fe7fda5978a3c942bf59d3f44cea21a66a417e384,SUCCEEDED,,nan
bingo5,statsforecast,sf-autoregressive,AutoRegressive,UNIVARIATE,"{""lags"":1}","{""lags"":{""fixed"":null,""order"":[1,0,0]}}",True,VERIFIED,VERIFIED,,NOT_CAPTURED_BY_UNIFIED_CAMPAIGN,VERIFIED,1.21625,2.04125,1.428723206222955,0.5875,0.5874999999999999,0.03,baseline:mean,1.21625,1.428723206222955,0.0,0.0,0.0,"[332,352,372,392,412]",100,50,1,1eaa04f65df29009e052998928e8f3f56f710d3fd4d006c484f68e670ebba5b5,1e8cd2ae866286001a6c9976ecaa2a9f1a85226112bc5cbd3f7a80e45c1f2b27,7adc619d75b11b3c2ac875d02a90bbaa3ba5a31b96e09d9d8d9972f6c4380484,5b4d57f85db3554b62d7146f8c6c44c4f1066e84543488d9b630415f1dc16422,SUCCEEDED,,nan
bingo5,statsforecast,sf-simpleexponentialsmoothing,SimpleExponentialSmoothing,UNIVARIATE,"{""alpha"":0.3}","{""alpha"":0.3}",True,VERIFIED,VERIFIED,,NOT_CAPTURED_BY_UNIFIED_CAMPAIGN,VERIFIED,1.26625,2.36625,1.538262006291516,0.6225,0.6224999999999999,0.02,baseline:mean,1.21625,1.428723206222955,-0.050000000000000044,-0.10953880006856109,0.03500000000000003,"[332,352,372,392,412]",100,50,1,1eaa04f65df29009e052998928e8f3f56f710d3fd4d006c484f68e670ebba5b5,1e8cd2ae866286001a6c9976ecaa2a9f1a85226112bc5cbd3f7a80e45c1f2b27,7adc619d75b11b3c2ac875d02a90bbaa3ba5a31b96e09d9d8d9972f6c4380484,4cb9a01dc9771240b58a6854e2eafcf1c5d721bd0b86ed33acb2622c501ce447,SUCCEEDED,,nan
bingo5,statsforecast,sf-simpleexponentialsmoothingoptimized,SimpleExponentialSmoothingOptimized,UNIVARIATE,{},{},True,VERIFIED,VERIFIED,,NOT_CAPTURED_BY_UNIFIED_CAMPAIGN,VERIFIED,1.215,2.075,1.4404860290887933,0.5825,0.5825,0.03,baseline:mean,1.21625,1.428723206222955,0.0012499999999999734,-0.011762822865838407,-0.0050000000000000044,"[332,352,372,392,412]",100,50,1,1eaa04f65df29009e052998928e8f3f56f710d3fd4d006c484f68e670ebba5b5,1e8cd2ae866286001a6c9976ecaa2a9f1a85226112bc5cbd3f7a80e45c1f2b27,7adc619d75b11b3c2ac875d02a90bbaa3ba5a31b96e09d9d8d9972f6c4380484,d91264228a596356ef0f1703a7a6c4c4b2a0d8f8f5f57f2899398db8e957588d,SUCCEEDED,,nan
bingo5,statsforecast,sf-seasonalexponentialsmoothing,SeasonalExponentialSmoothing,UNIVARIATE,"{""alpha"":0.3,""season_length"":4}","{""alpha"":0.3,""season_length"":4}",True,VERIFIED,VERIFIED,,NOT_CAPTURED_BY_UNIFIED_CAMPAIGN,VERIFIED,1.29375,2.45375,1.566445019782054,0.58875,0.58875,0.03,baseline:mean,1.21625,1.428723206222955,-0.0774999999999999,-0.13772181355909918,0.0012499999999999734,"[332,352,372,392,412]",100,50,1,1eaa04f65df29009e052998928e8f3f56f710d3fd4d006c484f68e670ebba5b5,1e8cd2ae866286001a6c9976ecaa2a9f1a85226112bc5cbd3f7a80e45c1f2b27,7adc619d75b11b3c2ac875d02a90bbaa3ba5a31b96e09d9d8d9972f6c4380484,6baf52326714746811d7f09023f4875219cd41bd93af6119499847cbfdfe98d7,SUCCEEDED,,nan
bingo5,statsforecast,sf-seasonalexponentialsmoothingoptimized,SeasonalExponentialSmoothingOptimized,UNIVARIATE,"{""season_length"":4}","{""season_length"":4}",True,VERIFIED,VERIFIED,,NOT_CAPTURED_BY_UNIFIED_CAMPAIGN,VERIFIED,1.23875,2.15875,1.4692685254915114,0.595,0.595,0.05,baseline:mean,1.21625,1.428723206222955,-0.022499999999999964,-0.040545319268556534,0.007499999999999951,"[332,352,372,392,412]",100,50,1,1eaa04f65df29009e052998928e8f3f56f710d3fd4d006c484f68e670ebba5b5,1e8cd2ae866286001a6c9976ecaa2a9f1a85226112bc5cbd3f7a80e45c1f2b27,7adc619d75b11b3c2ac875d02a90bbaa3ba5a31b96e09d9d8d9972f6c4380484,f32c087c1e1ddde1aa5224e944f37e5b7caf2322ab5db6fa08737932225a68a2,SUCCEEDED,,nan
bingo5,statsforecast,sf-holt,Holt,UNIVARIATE,{},{},True,VERIFIED,VERIFIED,,NOT_CAPTURED_BY_UNIFIED_CAMPAIGN,VERIFIED,1.21625,2.04125,1.428723206222955,0.5875,0.5874999999999999,0.03,baseline:mean,1.21625,1.428723206222955,0.0,0.0,0.0,"[332,352,372,392,412]",100,50,1,1eaa04f65df29009e052998928e8f3f56f710d3fd4d006c484f68e670ebba5b5,1e8cd2ae866286001a6c9976ecaa2a9f1a85226112bc5cbd3f7a80e45c1f2b27,7adc619d75b11b3c2ac875d02a90bbaa3ba5a31b96e09d9d8d9972f6c4380484,46c06e883b2005a9cf1b46ee8d59974f0abc7197c21c0e740f1aa1a9cd8fb372,SUCCEEDED,,nan
bingo5,statsforecast,sf-holtwinters,HoltWinters,UNIVARIATE,"{""season_length"":4}","{""season_length"":4}",True,VERIFIED,VERIFIED,,NOT_CAPTURED_BY_UNIFIED_CAMPAIGN,VERIFIED,1.22,2.06,1.4352700094407325,0.585,0.585,0.02,baseline:mean,1.21625,1.428723206222955,-0.00374999999999992,-0.006546803217777564,-0.0025000000000000577,"[332,352,372,392,412]",100,50,1,1eaa04f65df29009e052998928e8f3f56f710d3fd4d006c484f68e670ebba5b5,1e8cd2ae866286001a6c9976ecaa2a9f1a85226112bc5cbd3f7a80e45c1f2b27,7adc619d75b11b3c2ac875d02a90bbaa3ba5a31b96e09d9d8d9972f6c4380484,eaf982939ac5e4ec442ccd2f40afa2bc60995b863a2b0fcfa651e412ffb45c40,SUCCEEDED,,nan
bingo5,statsforecast,sf-historicaverage,HistoricAverage,UNIVARIATE,{},{},True,VERIFIED,VERIFIED,,NOT_CAPTURED_BY_UNIFIED_CAMPAIGN,VERIFIED,1.21625,2.04125,1.428723206222955,0.5875,0.5874999999999999,0.03,baseline:mean,1.21625,1.428723206222955,0.0,0.0,0.0,"[332,352,372,392,412]",100,50,1,1eaa04f65df29009e052998928e8f3f56f710d3fd4d006c484f68e670ebba5b5,1e8cd2ae866286001a6c9976ecaa2a9f1a85226112bc5cbd3f7a80e45c1f2b27,7adc619d75b11b3c2ac875d02a90bbaa3ba5a31b96e09d9d8d9972f6c4380484,cfcd99d13a8ab47ccdf987332dc990cd37f78a54ec68865a2b2e5eaea9b60c6e,SUCCEEDED,,nan
bingo5,statsforecast,sf-naive,Naive,UNIVARIATE,{},{},True,VERIFIED,VERIFIED,,NOT_CAPTURED_BY_UNIFIED_CAMPAIGN,VERIFIED,1.545,3.84,1.9595917942265424,0.525,0.525,0.0,baseline:mean,1.21625,1.428723206222955,-0.3287499999999999,-0.5308685880035875,-0.0625,"[332,352,372,392,412]",100,50,1,1eaa04f65df29009e052998928e8f3f56f710d3fd4d006c484f68e670ebba5b5,1e8cd2ae866286001a6c9976ecaa2a9f1a85226112bc5cbd3f7a80e45c1f2b27,7adc619d75b11b3c2ac875d02a90bbaa3ba5a31b96e09d9d8d9972f6c4380484,8214fd34876aeccef60539e329191f557df19c23af639d540495507237eded52,SUCCEEDED,,nan
bingo5,statsforecast,sf-randomwalkwithdrift,RandomWalkWithDrift,UNIVARIATE,{},{},True,VERIFIED,VERIFIED,,NOT_CAPTURED_BY_UNIFIED_CAMPAIGN,VERIFIED,1.545,3.84,1.9595917942265424,0.525,0.525,0.0,baseline:mean,1.21625,1.428723206222955,-0.3287499999999999,-0.5308685880035875,-0.0625,"[332,352,372,392,412]",100,50,1,1eaa04f65df29009e052998928e8f3f56f710d3fd4d006c484f68e670ebba5b5,1e8cd2ae866286001a6c9976ecaa2a9f1a85226112bc5cbd3f7a80e45c1f2b27,7adc619d75b11b3c2ac875d02a90bbaa3ba5a31b96e09d9d8d9972f6c4380484,3448f552d465093e57d2f38a6069a91de4726679335e21bb199a90dee646f08e,SUCCEEDED,,nan
bingo5,statsforecast,sf-seasonalnaive,SeasonalNaive,UNIVARIATE,"{""season_length"":4}","{""season_length"":4}",True,VERIFIED,VERIFIED,,NOT_CAPTURED_BY_UNIFIED_CAMPAIGN,VERIFIED,1.5725,3.885,1.9710403344427023,0.5175,0.5175,0.03,baseline:mean,1.21625,1.428723206222955,-0.35624999999999996,-0.5423171282197474,-0.07000000000000006,"[332,352,372,392,412]",100,50,1,1eaa04f65df29009e052998928e8f3f56f710d3fd4d006c484f68e670ebba5b5,1e8cd2ae866286001a6c9976ecaa2a9f1a85226112bc5cbd3f7a80e45c1f2b27,7adc619d75b11b3c2ac875d02a90bbaa3ba5a31b96e09d9d8d9972f6c4380484,c4c809ae35dc242b88ec24bc9c91b4e966fa9e31e32192247512800d9580862b,SUCCEEDED,,nan
bingo5,statsforecast,sf-conformalseasonalpool,ConformalSeasonalPool,UNIVARIATE,"{""n_samples"":200,""season_length"":4}","{""n_samples"":200,""season_length"":4}",True,VERIFIED,VERIFIED,,NOT_CAPTURED_BY_UNIFIED_CAMPAIGN,VERIFIED,1.5725,3.885,1.9710403344427023,0.5175,0.5175,0.03,baseline:mean,1.21625,1.428723206222955,-0.35624999999999996,-0.5423171282197474,-0.07000000000000006,"[332,352,372,392,412]",100,50,1,1eaa04f65df29009e052998928e8f3f56f710d3fd4d006c484f68e670ebba5b5,1e8cd2ae866286001a6c9976ecaa2a9f1a85226112bc5cbd3f7a80e45c1f2b27,7adc619d75b11b3c2ac875d02a90bbaa3ba5a31b96e09d9d8d9972f6c4380484,3e46602818359bce5f9a458e96e1a9544c982b5b3c4570ebf2e13123c3314dce,SUCCEEDED,,nan
bingo5,statsforecast,sf-windowaverage,WindowAverage,UNIVARIATE,"{""window_size"":3}","{""window_size"":3}",True,VERIFIED,VERIFIED,,NOT_CAPTURED_BY_UNIFIED_CAMPAIGN,VERIFIED,1.33,2.6825,1.63783393541592,0.60375,0.60375,0.0,baseline:mean,1.21625,1.428723206222955,-0.11375000000000002,-0.20911072919296503,0.016249999999999987,"[332,352,372,392,412]",100,50,1,1eaa04f65df29009e052998928e8f3f56f710d3fd4d006c484f68e670ebba5b5,1e8cd2ae866286001a6c9976ecaa2a9f1a85226112bc5cbd3f7a80e45c1f2b27,7adc619d75b11b3c2ac875d02a90bbaa3ba5a31b96e09d9d8d9972f6c4380484,c4ff5f89b173f7f28604d20a10c9d1d39226e163b7af896c9779779d3c523eb6,SUCCEEDED,,nan
bingo5,statsforecast,sf-seasonalwindowaverage,SeasonalWindowAverage,UNIVARIATE,"{""season_length"":4,""window_size"":2}","{""season_length"":4,""window_size"":2}",True,VERIFIED,VERIFIED,,NOT_CAPTURED_BY_UNIFIED_CAMPAIGN,VERIFIED,1.41,3.09,1.7578395831246945,0.55625,0.5562499999999999,0.02,baseline:mean,1.21625,1.428723206222955,-0.19374999999999987,-0.32911637690173956,-0.03125,"[332,352,372,392,412]",100,50,1,1eaa04f65df29009e052998928e8f3f56f710d3fd4d006c484f68e670ebba5b5,1e8cd2ae866286001a6c9976ecaa2a9f1a85226112bc5cbd3f7a80e45c1f2b27,7adc619d75b11b3c2ac875d02a90bbaa3ba5a31b96e09d9d8d9972f6c4380484,df3eebf7d3cf3e0bf74e01422c16221d78943d62e7826efd5b6ca8d60263d16b,SUCCEEDED,,nan
bingo5,statsforecast,sf-adida,ADIDA,UNIVARIATE,{},{},True,VERIFIED,VERIFIED,,NOT_CAPTURED_BY_UNIFIED_CAMPAIGN,VERIFIED,1.23125,2.13625,1.4615915982243466,0.585,0.585,0.02,baseline:mean,1.21625,1.428723206222955,-0.014999999999999902,-0.03286839200139169,-0.0025000000000000577,"[332,352,372,392,412]",100,50,1,1eaa04f65df29009e052998928e8f3f56f710d3fd4d006c484f68e670ebba5b5,1e8cd2ae866286001a6c9976ecaa2a9f1a85226112bc5cbd3f7a80e45c1f2b27,7adc619d75b11b3c2ac875d02a90bbaa3ba5a31b96e09d9d8d9972f6c4380484,f173066da10b8a91be803dee7dd36ba57bc598bcb2940bde83b370c80d260dc3,SUCCEEDED,,nan
bingo5,statsforecast,sf-crostonclassic,CrostonClassic,UNIVARIATE,{},{},True,VERIFIED,VERIFIED,,NOT_CAPTURED_BY_UNIFIED_CAMPAIGN,VERIFIED,1.23125,2.13625,1.4615915982243466,0.585,0.585,0.02,baseline:mean,1.21625,1.428723206222955,-0.014999999999999902,-0.03286839200139169,-0.0025000000000000577,"[332,352,372,392,412]",100,50,1,1eaa04f65df29009e052998928e8f3f56f710d3fd4d006c484f68e670ebba5b5,1e8cd2ae866286001a6c9976ecaa2a9f1a85226112bc5cbd3f7a80e45c1f2b27,7adc619d75b11b3c2ac875d02a90bbaa3ba5a31b96e09d9d8d9972f6c4380484,9cd53ee961de2807c192c6e83fccd7d88dd14485890a13f4af31aa6b0d6f3177,SUCCEEDED,,nan
bingo5,statsforecast,sf-crostonoptimized,CrostonOptimized,UNIVARIATE,{},{},True,VERIFIED,VERIFIED,,NOT_CAPTURED_BY_UNIFIED_CAMPAIGN,VERIFIED,1.23125,2.13625,1.4615915982243466,0.585,0.585,0.02,baseline:mean,1.21625,1.428723206222955,-0.014999999999999902,-0.03286839200139169,-0.0025000000000000577,"[332,352,372,392,412]",100,50,1,1eaa04f65df29009e052998928e8f3f56f710d3fd4d006c484f68e670ebba5b5,1e8cd2ae866286001a6c9976ecaa2a9f1a85226112bc5cbd3f7a80e45c1f2b27,7adc619d75b11b3c2ac875d02a90bbaa3ba5a31b96e09d9d8d9972f6c4380484,08b306d9fdb488246b3568370c94be5662f5b9fce25e84786eae95fa15f2699f,SUCCEEDED,,nan
bingo5,statsforecast,sf-crostonsba,CrostonSBA,UNIVARIATE,{},{},True,VERIFIED,VERIFIED,,NOT_CAPTURED_BY_UNIFIED_CAMPAIGN,VERIFIED,1.52375,3.62875,1.904927820154874,0.52625,0.52625,0.0,baseline:mean,1.21625,1.428723206222955,-0.3074999999999999,-0.47620461393191915,-0.06125000000000003,"[332,352,372,392,412]",100,50,1,1eaa04f65df29009e052998928e8f3f56f710d3fd4d006c484f68e670ebba5b5,1e8cd2ae866286001a6c9976ecaa2a9f1a85226112bc5cbd3f7a80e45c1f2b27,7adc619d75b11b3c2ac875d02a90bbaa3ba5a31b96e09d9d8d9972f6c4380484,a16fa57488f567783a4dd5e764a0ced295719e503397b5f630f9b36cca634496,SUCCEEDED,,nan
bingo5,statsforecast,sf-imapa,IMAPA,UNIVARIATE,{},{},True,VERIFIED,VERIFIED,,NOT_CAPTURED_BY_UNIFIED_CAMPAIGN,VERIFIED,1.23125,2.13625,1.4615915982243466,0.585,0.585,0.02,baseline:mean,1.21625,1.428723206222955,-0.014999999999999902,-0.03286839200139169,-0.0025000000000000577,"[332,352,372,392,412]",100,50,1,1eaa04f65df29009e052998928e8f3f56f710d3fd4d006c484f68e670ebba5b5,1e8cd2ae866286001a6c9976ecaa2a9f1a85226112bc5cbd3f7a80e45c1f2b27,7adc619d75b11b3c2ac875d02a90bbaa3ba5a31b96e09d9d8d9972f6c4380484,4398949e3484e1870e62a42152578bf831f8c92ea96ee7f5d9f4500c2ca00fed,SUCCEEDED,,nan
bingo5,statsforecast,sf-tsb,TSB,UNIVARIATE,"{""alpha_d"":0.3,""alpha_p"":0.3}","{""alpha_d"":0.3,""alpha_p"":0.3}",True,VERIFIED,VERIFIED,,NOT_CAPTURED_BY_UNIFIED_CAMPAIGN,VERIFIED,1.26625,2.36625,1.538262006291516,0.6225,0.6224999999999999,0.02,baseline:mean,1.21625,1.428723206222955,-0.050000000000000044,-0.10953880006856109,0.03500000000000003,"[332,352,372,392,412]",100,50,1,1eaa04f65df29009e052998928e8f3f56f710d3fd4d006c484f68e670ebba5b5,1e8cd2ae866286001a6c9976ecaa2a9f1a85226112bc5cbd3f7a80e45c1f2b27,7adc619d75b11b3c2ac875d02a90bbaa3ba5a31b96e09d9d8d9972f6c4380484,e2934dcba205b8606608a8a3898b1d39423f1c148f59426f1b8fe1421b454b04,SUCCEEDED,,nan
bingo5,statsforecast,sf-mstl,MSTL,UNIVARIATE,"{""season_length"":[4]}","{""season_length"":[4]}",True,VERIFIED,VERIFIED,,NOT_CAPTURED_BY_UNIFIED_CAMPAIGN,VERIFIED,1.23625,2.22625,1.4920623311376773,0.6125,0.6124999999999999,0.06,baseline:mean,1.21625,1.428723206222955,-0.020000000000000018,-0.06333912491472238,0.025000000000000022,"[332,352,372,392,412]",100,50,1,1eaa04f65df29009e052998928e8f3f56f710d3fd4d006c484f68e670ebba5b5,1e8cd2ae866286001a6c9976ecaa2a9f1a85226112bc5cbd3f7a80e45c1f2b27,7adc619d75b11b3c2ac875d02a90bbaa3ba5a31b96e09d9d8d9972f6c4380484,e45d6fc585252d744d512ccbe6929e29f30237babd7c62238692b8ca56311801,SUCCEEDED,,nan
bingo5,statsforecast,sf-mfles,MFLES,UNIVARIATE,{},{},True,VERIFIED,VERIFIED,,NOT_CAPTURED_BY_UNIFIED_CAMPAIGN,VERIFIED,1.405,3.1125,1.764227876437735,0.57875,0.5787500000000001,0.02,baseline:mean,1.21625,1.428723206222955,-0.18874999999999997,-0.33550467021478014,-0.008750000000000036,"[332,352,372,392,412]",100,50,1,1eaa04f65df29009e052998928e8f3f56f710d3fd4d006c484f68e670ebba5b5,1e8cd2ae866286001a6c9976ecaa2a9f1a85226112bc5cbd3f7a80e45c1f2b27,7adc619d75b11b3c2ac875d02a90bbaa3ba5a31b96e09d9d8d9972f6c4380484,842c631876acf2f60558fdc494ec49d5be8ebfa1ac2e07a2f14e37fd1247236b,SUCCEEDED,,nan
bingo5,statsforecast,sf-tbats,TBATS,UNIVARIATE,"{""season_length"":[4]}","{""season_length"":[4]}",True,VERIFIED,VERIFIED,,NOT_CAPTURED_BY_UNIFIED_CAMPAIGN,VERIFIED,1.245,2.1975,1.4823967080373592,0.58,0.58,0.03,baseline:mean,1.21625,1.428723206222955,-0.028750000000000053,-0.053673501814404334,-0.007500000000000062,"[332,352,372,392,412]",100,50,1,1eaa04f65df29009e052998928e8f3f56f710d3fd4d006c484f68e670ebba5b5,1e8cd2ae866286001a6c9976ecaa2a9f1a85226112bc5cbd3f7a80e45c1f2b27,7adc619d75b11b3c2ac875d02a90bbaa3ba5a31b96e09d9d8d9972f6c4380484,5e17b0ee81feb443c0e36e68cb38a8b5abecc8fed0486d11c36b2d6a56cdc9ec,SUCCEEDED,,nan
bingo5,statsforecast,sf-theta,Theta,UNIVARIATE,{},{},True,VERIFIED,VERIFIED,,NOT_CAPTURED_BY_UNIFIED_CAMPAIGN,VERIFIED,1.23125,2.13625,1.4615915982243466,0.585,0.585,0.02,baseline:mean,1.21625,1.428723206222955,-0.014999999999999902,-0.03286839200139169,-0.0025000000000000577,"[332,352,372,392,412]",100,50,1,1eaa04f65df29009e052998928e8f3f56f710d3fd4d006c484f68e670ebba5b5,1e8cd2ae866286001a6c9976ecaa2a9f1a85226112bc5cbd3f7a80e45c1f2b27,7adc619d75b11b3c2ac875d02a90bbaa3ba5a31b96e09d9d8d9972f6c4380484,5d7c8d505c98ec637433ff9c24981ad6da416255b3a4eaf648ae708637d18eb1,SUCCEEDED,,nan
bingo5,statsforecast,sf-optimizedtheta,OptimizedTheta,UNIVARIATE,{},{},True,VERIFIED,VERIFIED,,NOT_CAPTURED_BY_UNIFIED_CAMPAIGN,VERIFIED,1.23125,2.13625,1.4615915982243466,0.585,0.585,0.02,baseline:mean,1.21625,1.428723206222955,-0.014999999999999902,-0.03286839200139169,-0.0025000000000000577,"[332,352,372,392,412]",100,50,1,1eaa04f65df29009e052998928e8f3f56f710d3fd4d006c484f68e670ebba5b5,1e8cd2ae866286001a6c9976ecaa2a9f1a85226112bc5cbd3f7a80e45c1f2b27,7adc619d75b11b3c2ac875d02a90bbaa3ba5a31b96e09d9d8d9972f6c4380484,558bb2ad0b3e677f0009c77ba35af82f86345c08558d6329980ca28c083fb58a,SUCCEEDED,,nan
bingo5,statsforecast,sf-dynamictheta,DynamicTheta,UNIVARIATE,{},{},True,VERIFIED,VERIFIED,,NOT_CAPTURED_BY_UNIFIED_CAMPAIGN,VERIFIED,1.23125,2.13625,1.4615915982243466,0.585,0.585,0.02,baseline:mean,1.21625,1.428723206222955,-0.014999999999999902,-0.03286839200139169,-0.0025000000000000577,"[332,352,372,392,412]",100,50,1,1eaa04f65df29009e052998928e8f3f56f710d3fd4d006c484f68e670ebba5b5,1e8cd2ae866286001a6c9976ecaa2a9f1a85226112bc5cbd3f7a80e45c1f2b27,7adc619d75b11b3c2ac875d02a90bbaa3ba5a31b96e09d9d8d9972f6c4380484,0edc19045b7d8b7da26ce8f8f5a076231bd199b7cc95ffe40e5358da5bbb2164,SUCCEEDED,,nan
bingo5,statsforecast,sf-dynamicoptimizedtheta,DynamicOptimizedTheta,UNIVARIATE,{},{},True,VERIFIED,VERIFIED,,NOT_CAPTURED_BY_UNIFIED_CAMPAIGN,VERIFIED,1.23,2.135,1.4611639196202455,0.585,0.585,0.02,baseline:mean,1.21625,1.428723206222955,-0.013749999999999929,-0.0324407133972906,-0.0025000000000000577,"[332,352,372,392,412]",100,50,1,1eaa04f65df29009e052998928e8f3f56f710d3fd4d006c484f68e670ebba5b5,1e8cd2ae866286001a6c9976ecaa2a9f1a85226112bc5cbd3f7a80e45c1f2b27,7adc619d75b11b3c2ac875d02a90bbaa3ba5a31b96e09d9d8d9972f6c4380484,152ec98f2b9220a77bdcd1a3f297b5a743a55c7a9c95bc490611b52076f9aba9,SUCCEEDED,,nan
bingo5,statsforecast,sf-garch,GARCH,UNIVARIATE,{},{},True,VERIFIED,VERIFIED,,NOT_CAPTURED_BY_UNIFIED_CAMPAIGN,VERIFIED,15.04625,310.48125,17.620478143342194,0.07125,0.07125,0.0,baseline:mean,1.21625,1.428723206222955,-13.83,-16.19175493711924,-0.51625,"[332,352,372,392,412]",100,50,1,1eaa04f65df29009e052998928e8f3f56f710d3fd4d006c484f68e670ebba5b5,1e8cd2ae866286001a6c9976ecaa2a9f1a85226112bc5cbd3f7a80e45c1f2b27,7adc619d75b11b3c2ac875d02a90bbaa3ba5a31b96e09d9d8d9972f6c4380484,fb678595d4383a1de351905cc328a0743558afad8ed9bfa4c30ccc2c2b893d46,SUCCEEDED,,nan
bingo5,statsforecast,sf-arch,ARCH,UNIVARIATE,{},{},True,VERIFIED,VERIFIED,,NOT_CAPTURED_BY_UNIFIED_CAMPAIGN,VERIFIED,15.0225,309.195,17.583941537664415,0.07125,0.07125,0.0,baseline:mean,1.21625,1.428723206222955,-13.80625,-16.15521833144146,-0.51625,"[332,352,372,392,412]",100,50,1,1eaa04f65df29009e052998928e8f3f56f710d3fd4d006c484f68e670ebba5b5,1e8cd2ae866286001a6c9976ecaa2a9f1a85226112bc5cbd3f7a80e45c1f2b27,7adc619d75b11b3c2ac875d02a90bbaa3ba5a31b96e09d9d8d9972f6c4380484,32375b1786c84ee4b0b79fe02b6c77e55a3c9ae452d58aeab5b5ebe8c5f813ac,SUCCEEDED,,nan
bingo5,statsforecast,sf-sklearnmodel,SklearnModel,EXOGENOUS,"{""model"":{""class"":""sklearn.linear_model._base.LinearRegression"",""params"":{""copy_X"":true,""fit_intercept"":true,""n_jobs"":null,""positive"":false,""tol"":1e-06}}}","{""model"":{""class"":""sklearn.linear_model._base.LinearRegression"",""params"":{""copy_X"":true,""fit_intercept"":true,""n_jobs"":null,""positive"":false,""tol"":1e-06}}}",True,VERIFIED,VERIFIED,,NOT_CAPTURED_BY_UNIFIED_CAMPAIGN,NOT_APPLICABLE_UNIVARIATE,,,,,,,baseline:mean,1.21625,1.428723206222955,,,,"[332,352,372,392,412]",100,50,1,1eaa04f65df29009e052998928e8f3f56f710d3fd4d006c484f68e670ebba5b5,1e8cd2ae866286001a6c9976ecaa2a9f1a85226112bc5cbd3f7a80e45c1f2b27,7adc619d75b11b3c2ac875d02a90bbaa3ba5a31b96e09d9d8d9972f6c4380484,,EXOGENOUS_EVALUATION_DEFERRED,StatsForecast runtime exception,primary univariate development protocol does not supply exogenous X_df
bingo5,statsforecast,sf-constantmodel,ConstantModel,UNIVARIATE,"{""constant"":1.0}","{""constant"":1.0}",True,VERIFIED,VERIFIED,,NOT_CAPTURED_BY_UNIFIED_CAMPAIGN,VERIFIED,16.03375,343.32625,18.529065006092456,0.0425,0.0425,0.0,baseline:mean,1.21625,1.428723206222955,-14.8175,-17.1003417998695,-0.545,"[332,352,372,392,412]",100,50,1,1eaa04f65df29009e052998928e8f3f56f710d3fd4d006c484f68e670ebba5b5,1e8cd2ae866286001a6c9976ecaa2a9f1a85226112bc5cbd3f7a80e45c1f2b27,7adc619d75b11b3c2ac875d02a90bbaa3ba5a31b96e09d9d8d9972f6c4380484,48802e98ea1cc2a9c076ae24f5ea1e8f27f51188431d1c8d9f7d14feaaffe17c,SUCCEEDED,,nan
bingo5,statsforecast,sf-zeromodel,ZeroModel,UNIVARIATE,{},{},True,VERIFIED,VERIFIED,,NOT_CAPTURED_BY_UNIFIED_CAMPAIGN,VERIFIED,16.03375,343.32625,18.529065006092456,0.0425,0.0425,0.0,baseline:mean,1.21625,1.428723206222955,-14.8175,-17.1003417998695,-0.545,"[332,352,372,392,412]",100,50,1,1eaa04f65df29009e052998928e8f3f56f710d3fd4d006c484f68e670ebba5b5,1e8cd2ae866286001a6c9976ecaa2a9f1a85226112bc5cbd3f7a80e45c1f2b27,7adc619d75b11b3c2ac875d02a90bbaa3ba5a31b96e09d9d8d9972f6c4380484,c23b4de5b8ff3b7987726aa2313e71d236407daa4b763512e26a45124f9beb9a,SUCCEEDED,,nan
bingo5,statsforecast,sf-nanmodel,NaNModel,EXPECTED_NEGATIVE_CONTROL,{},{},True,EXPECTED_NEGATIVE_CONTROL,EXPECTED_NOT_APPLICABLE,,NOT_CAPTURED_BY_UNIFIED_CAMPAIGN,EXPECTED_NEGATIVE_CONTROL,,,,,,,baseline:mean,1.21625,1.428723206222955,,,,"[332,352,372,392,412]",100,50,1,1eaa04f65df29009e052998928e8f3f56f710d3fd4d006c484f68e670ebba5b5,1e8cd2ae866286001a6c9976ecaa2a9f1a85226112bc5cbd3f7a80e45c1f2b27,7adc619d75b11b3c2ac875d02a90bbaa3ba5a31b96e09d9d8d9972f6c4380484,,EXPECTED_NEGATIVE_CONTROL,numeric instability,NaNModel is retained as the expected negative control and excluded from ranking
bingo5,statsforecast,sf-ucm,UCM,UNIVARIATE,{},{},True,VERIFIED,VERIFIED,,NOT_CAPTURED_BY_UNIFIED_CAMPAIGN,VERIFIED,1.21625,2.04125,1.428723206222955,0.5875,0.5874999999999999,0.03,baseline:mean,1.21625,1.428723206222955,0.0,0.0,0.0,"[332,352,372,392,412]",100,50,1,1eaa04f65df29009e052998928e8f3f56f710d3fd4d006c484f68e670ebba5b5,1e8cd2ae866286001a6c9976ecaa2a9f1a85226112bc5cbd3f7a80e45c1f2b27,7adc619d75b11b3c2ac875d02a90bbaa3ba5a31b96e09d9d8d9972f6c4380484,2a41d44c3352873814d0a59e54d694c051f2328999f2f933a432898e28f18f4b,SUCCEEDED,,nan
loto6,statsforecast,sf-autoarima,AutoARIMA,UNIVARIATE,{},{},True,VERIFIED,VERIFIED,,NOT_CAPTURED_BY_UNIFIED_CAMPAIGN,VERIFIED,5.008333333333334,38.91833333333334,6.23845600556206,0.18,0.18,0.0,baseline:fixed,5.385,7.045684258229762,0.37666666666666604,0.8072282526677013,-0.0333333333333333,"[1977,1997,2017,2037,2057]",100,50,1,0d02f05c43812882fe2a7cdcc0e6858477d38b3bc5563300287dac639116814e,2f4ecc1e8b7f7cd644a3d75ba6e27d1c8e532338def73de40921dd8cf8127923,c0806fc14f24cfa4d37ea0b1845143c5b14d8d8fd28f2344763c23133b641345,196270108c08ec604ff4e4eafd84144c2593caf2f330d16137aab2afa7589308,SUCCEEDED,,nan
loto6,statsforecast,sf-autoets,AutoETS,UNIVARIATE,"{""season_length"":4}","{""season_length"":4}",True,VERIFIED,VERIFIED,,NOT_CAPTURED_BY_UNIFIED_CAMPAIGN,VERIFIED,4.963333333333333,38.48,6.203224967708329,0.1866666666666666,0.1866666666666666,0.0,baseline:fixed,5.385,7.045684258229762,0.42166666666666686,0.8424592905214325,-0.0266666666666667,"[1977,1997,2017,2037,2057]",100,50,1,0d02f05c43812882fe2a7cdcc0e6858477d38b3bc5563300287dac639116814e,2f4ecc1e8b7f7cd644a3d75ba6e27d1c8e532338def73de40921dd8cf8127923,c0806fc14f24cfa4d37ea0b1845143c5b14d8d8fd28f2344763c23133b641345,39e02733f6084622cfc9e985121ba84e0df6d3ba3ca8b8cec5f5b091be584677,SUCCEEDED,,nan
loto6,statsforecast,sf-autoces,AutoCES,UNIVARIATE,"{""season_length"":4}","{""season_length"":4}",True,VERIFIED,VERIFIED,,NOT_CAPTURED_BY_UNIFIED_CAMPAIGN,VERIFIED,4.995,38.585,6.211682541791717,0.1766666666666666,0.1766666666666666,0.0,baseline:fixed,5.385,7.045684258229762,0.3899999999999997,0.8340017164380447,-0.03666666666666668,"[1977,1997,2017,2037,2057]",100,50,1,0d02f05c43812882fe2a7cdcc0e6858477d38b3bc5563300287dac639116814e,2f4ecc1e8b7f7cd644a3d75ba6e27d1c8e532338def73de40921dd8cf8127923,c0806fc14f24cfa4d37ea0b1845143c5b14d8d8fd28f2344763c23133b641345,01ee8441dd0617f2aa0d1772cbe21e43271552b5404c541654e3579064f76034,SUCCEEDED,,nan
loto6,statsforecast,sf-autotheta,AutoTheta,UNIVARIATE,{},{},True,VERIFIED,VERIFIED,,NOT_CAPTURED_BY_UNIFIED_CAMPAIGN,VERIFIED,5.15,41.5,6.442049363362563,0.1816666666666666,0.1816666666666666,0.0,baseline:fixed,5.385,7.045684258229762,0.23499999999999943,0.6036348948671986,-0.031666666666666704,"[1977,1997,2017,2037,2057]",100,50,1,0d02f05c43812882fe2a7cdcc0e6858477d38b3bc5563300287dac639116814e,2f4ecc1e8b7f7cd644a3d75ba6e27d1c8e532338def73de40921dd8cf8127923,c0806fc14f24cfa4d37ea0b1845143c5b14d8d8fd28f2344763c23133b641345,3fb9383f14eb99183f98f1e677de47680e8226c1c5097b15859b4c58c213f905,SUCCEEDED,,nan
loto6,statsforecast,sf-automfles,AutoMFLES,UNIVARIATE,"{""n_windows"":2,""season_length"":[4],""test_size"":4}","{""n_windows"":2,""season_length"":[4],""test_size"":4}",True,VERIFIED,VERIFIED,,NOT_CAPTURED_BY_UNIFIED_CAMPAIGN,VERIFIED,5.591666666666667,51.37166666666667,7.167403062941743,0.1716666666666666,0.1716666666666666,0.0,baseline:fixed,5.385,7.045684258229762,-0.206666666666667,-0.12171880471198104,-0.041666666666666685,"[1977,1997,2017,2037,2057]",100,50,1,0d02f05c43812882fe2a7cdcc0e6858477d38b3bc5563300287dac639116814e,2f4ecc1e8b7f7cd644a3d75ba6e27d1c8e532338def73de40921dd8cf8127923,c0806fc14f24cfa4d37ea0b1845143c5b14d8d8fd28f2344763c23133b641345,55a6c9e03ca6ea5188d963de15aef2a7a6b0aeebd9a504ee470c2a0d14cd098f,SUCCEEDED,,nan
loto6,statsforecast,sf-autotbats,AutoTBATS,UNIVARIATE,"{""season_length"":[4]}","{""season_length"":[4]}",True,VERIFIED,VERIFIED,,NOT_CAPTURED_BY_UNIFIED_CAMPAIGN,VERIFIED,5.008333333333334,39.62833333333333,6.295103917596065,0.18,0.18,0.0,baseline:fixed,5.385,7.045684258229762,0.37666666666666604,0.7505803406336966,-0.0333333333333333,"[1977,1997,2017,2037,2057]",100,50,1,0d02f05c43812882fe2a7cdcc0e6858477d38b3bc5563300287dac639116814e,2f4ecc1e8b7f7cd644a3d75ba6e27d1c8e532338def73de40921dd8cf8127923,c0806fc14f24cfa4d37ea0b1845143c5b14d8d8fd28f2344763c23133b641345,9702e5a4c29a3168150a969e212eb2bc528b4f0b69470a6357064e027ab7ee43,SUCCEEDED,,nan
loto6,statsforecast,sf-arima,ARIMA,UNIVARIATE,"{""order"":[1,0,0]}","{""order"":[1,0,0]}",True,VERIFIED,VERIFIED,,NOT_CAPTURED_BY_UNIFIED_CAMPAIGN,VERIFIED,4.99,38.586666666666666,6.21181669615795,0.1833333333333333,0.1833333333333333,0.0,baseline:fixed,5.385,7.045684258229762,0.3949999999999996,0.8338675620718119,-0.03,"[1977,1997,2017,2037,2057]",100,50,1,0d02f05c43812882fe2a7cdcc0e6858477d38b3bc5563300287dac639116814e,2f4ecc1e8b7f7cd644a3d75ba6e27d1c8e532338def73de40921dd8cf8127923,c0806fc14f24cfa4d37ea0b1845143c5b14d8d8fd28f2344763c23133b641345,73b99aad357ad77621d18382e01db641e7172ebf482e8c0b01d78d3739641667,SUCCEEDED,,nan
loto6,statsforecast,sf-autoregressive,AutoRegressive,UNIVARIATE,"{""lags"":1}","{""lags"":{""fixed"":null,""order"":[1,0,0]}}",True,VERIFIED,VERIFIED,,NOT_CAPTURED_BY_UNIFIED_CAMPAIGN,VERIFIED,4.99,38.586666666666666,6.21181669615795,0.1833333333333333,0.1833333333333333,0.0,baseline:fixed,5.385,7.045684258229762,0.3949999999999996,0.8338675620718119,-0.03,"[1977,1997,2017,2037,2057]",100,50,1,0d02f05c43812882fe2a7cdcc0e6858477d38b3bc5563300287dac639116814e,2f4ecc1e8b7f7cd644a3d75ba6e27d1c8e532338def73de40921dd8cf8127923,c0806fc14f24cfa4d37ea0b1845143c5b14d8d8fd28f2344763c23133b641345,ab007ecf5ea832f438feade2aab3bc79eb22fdb96ebc352476f2750fc049aac6,SUCCEEDED,,nan
loto6,statsforecast,sf-simpleexponentialsmoothing,SimpleExponentialSmoothing,UNIVARIATE,"{""alpha"":0.3}","{""alpha"":0.3}",True,VERIFIED,VERIFIED,,NOT_CAPTURED_BY_UNIFIED_CAMPAIGN,VERIFIED,5.423333333333333,46.99666666666667,6.855411487771297,0.18,0.18,0.0,baseline:fixed,5.385,7.045684258229762,-0.03833333333333311,0.19027277045846436,-0.0333333333333333,"[1977,1997,2017,2037,2057]",100,50,1,0d02f05c43812882fe2a7cdcc0e6858477d38b3bc5563300287dac639116814e,2f4ecc1e8b7f7cd644a3d75ba6e27d1c8e532338def73de40921dd8cf8127923,c0806fc14f24cfa4d37ea0b1845143c5b14d8d8fd28f2344763c23133b641345,599c8d3177ae8900606e82d68d8a502130252ff69706ddf0c9a84fd119502abe,SUCCEEDED,,nan
loto6,statsforecast,sf-simpleexponentialsmoothingoptimized,SimpleExponentialSmoothingOptimized,UNIVARIATE,{},{},True,VERIFIED,VERIFIED,,NOT_CAPTURED_BY_UNIFIED_CAMPAIGN,VERIFIED,5.036666666666667,39.32,6.270566162636353,0.1783333333333333,0.1783333333333333,0.0,baseline:fixed,5.385,7.045684258229762,0.3483333333333327,0.7751180955934087,-0.035,"[1977,1997,2017,2037,2057]",100,50,1,0d02f05c43812882fe2a7cdcc0e6858477d38b3bc5563300287dac639116814e,2f4ecc1e8b7f7cd644a3d75ba6e27d1c8e532338def73de40921dd8cf8127923,c0806fc14f24cfa4d37ea0b1845143c5b14d8d8fd28f2344763c23133b641345,2978e0944f41d63ed2565a162857cf7197ca596eae37f1e6bd61bc947e14c31e,SUCCEEDED,,nan
loto6,statsforecast,sf-seasonalexponentialsmoothing,SeasonalExponentialSmoothing,UNIVARIATE,"{""alpha"":0.3,""season_length"":4}","{""alpha"":0.3,""season_length"":4}",True,VERIFIED,VERIFIED,,NOT_CAPTURED_BY_UNIFIED_CAMPAIGN,VERIFIED,5.463333333333333,46.88,6.846897107449476,0.1683333333333333,0.1683333333333333,0.0,baseline:fixed,5.385,7.045684258229762,-0.07833333333333314,0.19878715078028542,-0.044999999999999984,"[1977,1997,2017,2037,2057]",100,50,1,0d02f05c43812882fe2a7cdcc0e6858477d38b3bc5563300287dac639116814e,2f4ecc1e8b7f7cd644a3d75ba6e27d1c8e532338def73de40921dd8cf8127923,c0806fc14f24cfa4d37ea0b1845143c5b14d8d8fd28f2344763c23133b641345,6036f0507fd01c99805649ea2268a43fea1248a5d68e366440462225c8dd0c7b,SUCCEEDED,,nan
loto6,statsforecast,sf-seasonalexponentialsmoothingoptimized,SeasonalExponentialSmoothingOptimized,UNIVARIATE,"{""season_length"":4}","{""season_length"":4}",True,VERIFIED,VERIFIED,,NOT_CAPTURED_BY_UNIFIED_CAMPAIGN,VERIFIED,5.025,39.37166666666667,6.2746845870264005,0.185,0.1849999999999999,0.0,baseline:fixed,5.385,7.045684258229762,0.35999999999999943,0.7709996712033611,-0.028333333333333294,"[1977,1997,2017,2037,2057]",100,50,1,0d02f05c43812882fe2a7cdcc0e6858477d38b3bc5563300287dac639116814e,2f4ecc1e8b7f7cd644a3d75ba6e27d1c8e532338def73de40921dd8cf8127923,c0806fc14f24cfa4d37ea0b1845143c5b14d8d8fd28f2344763c23133b641345,c6a435582cd0821fa408f0e6a2db45c34a38f39d41ef1fcc4658bb42ae9ba3fd,SUCCEEDED,,nan
loto6,statsforecast,sf-holt,Holt,UNIVARIATE,{},{},True,VERIFIED,VERIFIED,,NOT_CAPTURED_BY_UNIFIED_CAMPAIGN,VERIFIED,4.958333333333333,38.461666666666666,6.201747065679692,0.1833333333333333,0.1833333333333333,0.0,baseline:fixed,5.385,7.045684258229762,0.42666666666666675,0.8439371925500696,-0.03,"[1977,1997,2017,2037,2057]",100,50,1,0d02f05c43812882fe2a7cdcc0e6858477d38b3bc5563300287dac639116814e,2f4ecc1e8b7f7cd644a3d75ba6e27d1c8e532338def73de40921dd8cf8127923,c0806fc14f24cfa4d37ea0b1845143c5b14d8d8fd28f2344763c23133b641345,1ebbdacc2143bc6d5f01f3d9525bee0cee5621e2e3db7d04f3388b0428ab9e5b,SUCCEEDED,,nan
loto6,statsforecast,sf-holtwinters,HoltWinters,UNIVARIATE,"{""season_length"":4}","{""season_length"":4}",True,VERIFIED,VERIFIED,,NOT_CAPTURED_BY_UNIFIED_CAMPAIGN,VERIFIED,4.998333333333333,38.87166666666667,6.2347146419597,0.1816666666666666,0.1816666666666666,0.0,baseline:fixed,5.385,7.045684258229762,0.3866666666666667,0.8109696162700617,-0.031666666666666704,"[1977,1997,2017,2037,2057]",100,50,1,0d02f05c43812882fe2a7cdcc0e6858477d38b3bc5563300287dac639116814e,2f4ecc1e8b7f7cd644a3d75ba6e27d1c8e532338def73de40921dd8cf8127923,c0806fc14f24cfa4d37ea0b1845143c5b14d8d8fd28f2344763c23133b641345,b2468f4dfdbf38d59dc24f85dfe180f3d864d8efd422af4230f496108a265d38,SUCCEEDED,,nan
loto6,statsforecast,sf-historicaverage,HistoricAverage,UNIVARIATE,{},{},True,VERIFIED,VERIFIED,,NOT_CAPTURED_BY_UNIFIED_CAMPAIGN,VERIFIED,4.963333333333333,38.48,6.203224967708329,0.1866666666666666,0.1866666666666666,0.0,baseline:fixed,5.385,7.045684258229762,0.42166666666666686,0.8424592905214325,-0.0266666666666667,"[1977,1997,2017,2037,2057]",100,50,1,0d02f05c43812882fe2a7cdcc0e6858477d38b3bc5563300287dac639116814e,2f4ecc1e8b7f7cd644a3d75ba6e27d1c8e532338def73de40921dd8cf8127923,c0806fc14f24cfa4d37ea0b1845143c5b14d8d8fd28f2344763c23133b641345,ec82d322afd6ac43356cef79b069ab959c2041adfa3ebfc84de71e0951f2d29c,SUCCEEDED,,nan
loto6,statsforecast,sf-naive,Naive,UNIVARIATE,{},{},True,VERIFIED,VERIFIED,,NOT_CAPTURED_BY_UNIFIED_CAMPAIGN,VERIFIED,6.86,76.38333333333334,8.73975590810941,0.1566666666666666,0.1566666666666666,0.0,baseline:fixed,5.385,7.045684258229762,-1.4750000000000005,-1.6940716498796489,-0.0566666666666667,"[1977,1997,2017,2037,2057]",100,50,1,0d02f05c43812882fe2a7cdcc0e6858477d38b3bc5563300287dac639116814e,2f4ecc1e8b7f7cd644a3d75ba6e27d1c8e532338def73de40921dd8cf8127923,c0806fc14f24cfa4d37ea0b1845143c5b14d8d8fd28f2344763c23133b641345,88c9c4e5f3dab05127e8252e6f2e831399f218e4748922d4877fd57d491bb2f0,SUCCEEDED,,nan
loto6,statsforecast,sf-randomwalkwithdrift,RandomWalkWithDrift,UNIVARIATE,{},{},True,VERIFIED,VERIFIED,,NOT_CAPTURED_BY_UNIFIED_CAMPAIGN,VERIFIED,6.86,76.38333333333334,8.73975590810941,0.1566666666666666,0.1566666666666666,0.0,baseline:fixed,5.385,7.045684258229762,-1.4750000000000005,-1.6940716498796489,-0.0566666666666667,"[1977,1997,2017,2037,2057]",100,50,1,0d02f05c43812882fe2a7cdcc0e6858477d38b3bc5563300287dac639116814e,2f4ecc1e8b7f7cd644a3d75ba6e27d1c8e532338def73de40921dd8cf8127923,c0806fc14f24cfa4d37ea0b1845143c5b14d8d8fd28f2344763c23133b641345,c5599c7c4657a4851a046c585ebba49dfb3a982d1d1df218775f02eff0747372,SUCCEEDED,,nan
loto6,statsforecast,sf-seasonalnaive,SeasonalNaive,UNIVARIATE,"{""season_length"":4}","{""season_length"":4}",True,VERIFIED,VERIFIED,,NOT_CAPTURED_BY_UNIFIED_CAMPAIGN,VERIFIED,7.078333333333333,81.015,9.000833294756658,0.1533333333333333,0.1533333333333333,0.0,baseline:fixed,5.385,7.045684258229762,-1.6933333333333334,-1.9551490365268966,-0.06,"[1977,1997,2017,2037,2057]",100,50,1,0d02f05c43812882fe2a7cdcc0e6858477d38b3bc5563300287dac639116814e,2f4ecc1e8b7f7cd644a3d75ba6e27d1c8e532338def73de40921dd8cf8127923,c0806fc14f24cfa4d37ea0b1845143c5b14d8d8fd28f2344763c23133b641345,70f60aae382c393f04e63a2eecd79c01b7110e6cd30d1f37c2ce09dab053137c,SUCCEEDED,,nan
loto6,statsforecast,sf-conformalseasonalpool,ConformalSeasonalPool,UNIVARIATE,"{""n_samples"":200,""season_length"":4}","{""n_samples"":200,""season_length"":4}",True,VERIFIED,VERIFIED,,NOT_CAPTURED_BY_UNIFIED_CAMPAIGN,VERIFIED,7.078333333333333,81.015,9.000833294756658,0.1533333333333333,0.1533333333333333,0.0,baseline:fixed,5.385,7.045684258229762,-1.6933333333333334,-1.9551490365268966,-0.06,"[1977,1997,2017,2037,2057]",100,50,1,0d02f05c43812882fe2a7cdcc0e6858477d38b3bc5563300287dac639116814e,2f4ecc1e8b7f7cd644a3d75ba6e27d1c8e532338def73de40921dd8cf8127923,c0806fc14f24cfa4d37ea0b1845143c5b14d8d8fd28f2344763c23133b641345,43aa89c48b1a4ac42c2b69582901a622c973d67f28e516609e68c72288c6ac5d,SUCCEEDED,,nan
loto6,statsforecast,sf-windowaverage,WindowAverage,UNIVARIATE,"{""window_size"":3}","{""window_size"":3}",True,VERIFIED,VERIFIED,,NOT_CAPTURED_BY_UNIFIED_CAMPAIGN,VERIFIED,5.786666666666667,53.806666666666665,7.335302765848637,0.16,0.16,0.0,baseline:fixed,5.385,7.045684258229762,-0.4016666666666673,-0.28961850761887575,-0.05333333333333329,"[1977,1997,2017,2037,2057]",100,50,1,0d02f05c43812882fe2a7cdcc0e6858477d38b3bc5563300287dac639116814e,2f4ecc1e8b7f7cd644a3d75ba6e27d1c8e532338def73de40921dd8cf8127923,c0806fc14f24cfa4d37ea0b1845143c5b14d8d8fd28f2344763c23133b641345,1a15b5f504c3904c419d212dc349382c47ad60760977477056bd13b0736d763e,SUCCEEDED,,nan
loto6,statsforecast,sf-seasonalwindowaverage,SeasonalWindowAverage,UNIVARIATE,"{""season_length"":4,""window_size"":2}","{""season_length"":4,""window_size"":2}",True,VERIFIED,VERIFIED,,NOT_CAPTURED_BY_UNIFIED_CAMPAIGN,VERIFIED,6.346666666666667,62.86,7.928429857165919,0.1466666666666666,0.1466666666666666,0.0,baseline:fixed,5.385,7.045684258229762,-0.9616666666666669,-0.8827455989361574,-0.06666666666666668,"[1977,1997,2017,2037,2057]",100,50,1,0d02f05c43812882fe2a7cdcc0e6858477d38b3bc5563300287dac639116814e,2f4ecc1e8b7f7cd644a3d75ba6e27d1c8e532338def73de40921dd8cf8127923,c0806fc14f24cfa4d37ea0b1845143c5b14d8d8fd28f2344763c23133b641345,5e637087a3188c2d6cf65fb030449d52a3f84b3deade87485cc5e46e80d0e1a5,SUCCEEDED,,nan
loto6,statsforecast,sf-adida,ADIDA,UNIVARIATE,{},{},True,VERIFIED,VERIFIED,,NOT_CAPTURED_BY_UNIFIED_CAMPAIGN,VERIFIED,5.148333333333333,41.485,6.440885032353862,0.1816666666666666,0.1816666666666666,0.0,baseline:fixed,5.385,7.045684258229762,0.23666666666666636,0.6047992258759001,-0.031666666666666704,"[1977,1997,2017,2037,2057]",100,50,1,0d02f05c43812882fe2a7cdcc0e6858477d38b3bc5563300287dac639116814e,2f4ecc1e8b7f7cd644a3d75ba6e27d1c8e532338def73de40921dd8cf8127923,c0806fc14f24cfa4d37ea0b1845143c5b14d8d8fd28f2344763c23133b641345,3084995699d1bd874214fb9ffdd218340fd8b2174166d82c3ba90a72b60a926d,SUCCEEDED,,nan
loto6,statsforecast,sf-crostonclassic,CrostonClassic,UNIVARIATE,{},{},True,VERIFIED,VERIFIED,,NOT_CAPTURED_BY_UNIFIED_CAMPAIGN,VERIFIED,5.148333333333333,41.485,6.440885032353862,0.1816666666666666,0.1816666666666666,0.0,baseline:fixed,5.385,7.045684258229762,0.23666666666666636,0.6047992258759001,-0.031666666666666704,"[1977,1997,2017,2037,2057]",100,50,1,0d02f05c43812882fe2a7cdcc0e6858477d38b3bc5563300287dac639116814e,2f4ecc1e8b7f7cd644a3d75ba6e27d1c8e532338def73de40921dd8cf8127923,c0806fc14f24cfa4d37ea0b1845143c5b14d8d8fd28f2344763c23133b641345,93da839fb79b9148aec58ffc71d9f97118d6cedef7b775ddbb5797726cf36a21,SUCCEEDED,,nan
loto6,statsforecast,sf-crostonoptimized,CrostonOptimized,UNIVARIATE,{},{},True,VERIFIED,VERIFIED,,NOT_CAPTURED_BY_UNIFIED_CAMPAIGN,VERIFIED,5.148333333333333,41.485,6.440885032353862,0.1816666666666666,0.1816666666666666,0.0,baseline:fixed,5.385,7.045684258229762,0.23666666666666636,0.6047992258759001,-0.031666666666666704,"[1977,1997,2017,2037,2057]",100,50,1,0d02f05c43812882fe2a7cdcc0e6858477d38b3bc5563300287dac639116814e,2f4ecc1e8b7f7cd644a3d75ba6e27d1c8e532338def73de40921dd8cf8127923,c0806fc14f24cfa4d37ea0b1845143c5b14d8d8fd28f2344763c23133b641345,d8cfc80604cba8b6dd66cfd963d619d3dd121443111be52d7cc53130ff6a9512,SUCCEEDED,,nan
loto6,statsforecast,sf-crostonsba,CrostonSBA,UNIVARIATE,{},{},True,VERIFIED,VERIFIED,,NOT_CAPTURED_BY_UNIFIED_CAMPAIGN,VERIFIED,5.291666666666667,42.891666666666666,6.549172975778443,0.1733333333333333,0.1733333333333333,0.0,baseline:fixed,5.385,7.045684258229762,0.09333333333333282,0.49651128245131826,-0.03999999999999998,"[1977,1997,2017,2037,2057]",100,50,1,0d02f05c43812882fe2a7cdcc0e6858477d38b3bc5563300287dac639116814e,2f4ecc1e8b7f7cd644a3d75ba6e27d1c8e532338def73de40921dd8cf8127923,c0806fc14f24cfa4d37ea0b1845143c5b14d8d8fd28f2344763c23133b641345,b914fe203bbe6e599060a4205953b327269d8372d430d301fbbf6b555748688d,SUCCEEDED,,nan
loto6,statsforecast,sf-imapa,IMAPA,UNIVARIATE,{},{},True,VERIFIED,VERIFIED,,NOT_CAPTURED_BY_UNIFIED_CAMPAIGN,VERIFIED,5.148333333333333,41.485,6.440885032353862,0.1816666666666666,0.1816666666666666,0.0,baseline:fixed,5.385,7.045684258229762,0.23666666666666636,0.6047992258759001,-0.031666666666666704,"[1977,1997,2017,2037,2057]",100,50,1,0d02f05c43812882fe2a7cdcc0e6858477d38b3bc5563300287dac639116814e,2f4ecc1e8b7f7cd644a3d75ba6e27d1c8e532338def73de40921dd8cf8127923,c0806fc14f24cfa4d37ea0b1845143c5b14d8d8fd28f2344763c23133b641345,a6108379fd9264832d873965c342a238394c67ba260607acd16bc977a290652b,SUCCEEDED,,nan
loto6,statsforecast,sf-tsb,TSB,UNIVARIATE,"{""alpha_d"":0.3,""alpha_p"":0.3}","{""alpha_d"":0.3,""alpha_p"":0.3}",True,VERIFIED,VERIFIED,,NOT_CAPTURED_BY_UNIFIED_CAMPAIGN,VERIFIED,5.423333333333333,46.99666666666667,6.855411487771297,0.18,0.18,0.0,baseline:fixed,5.385,7.045684258229762,-0.03833333333333311,0.19027277045846436,-0.0333333333333333,"[1977,1997,2017,2037,2057]",100,50,1,0d02f05c43812882fe2a7cdcc0e6858477d38b3bc5563300287dac639116814e,2f4ecc1e8b7f7cd644a3d75ba6e27d1c8e532338def73de40921dd8cf8127923,c0806fc14f24cfa4d37ea0b1845143c5b14d8d8fd28f2344763c23133b641345,1d009b5a150238cb30c663772bdaa23d3c67994ef5551367b60598dfeb574ac9,SUCCEEDED,,nan
loto6,statsforecast,sf-mstl,MSTL,UNIVARIATE,"{""season_length"":[4]}","{""season_length"":[4]}",True,VERIFIED,VERIFIED,,NOT_CAPTURED_BY_UNIFIED_CAMPAIGN,VERIFIED,5.22,42.96,6.554387843269576,0.185,0.185,0.0,baseline:fixed,5.385,7.045684258229762,0.16500000000000004,0.4912964149601855,-0.028333333333333294,"[1977,1997,2017,2037,2057]",100,50,1,0d02f05c43812882fe2a7cdcc0e6858477d38b3bc5563300287dac639116814e,2f4ecc1e8b7f7cd644a3d75ba6e27d1c8e532338def73de40921dd8cf8127923,c0806fc14f24cfa4d37ea0b1845143c5b14d8d8fd28f2344763c23133b641345,237fa4dc7b944f50512e8d111dd92b91c60feff68a1ee61a4678154d0e8912a2,SUCCEEDED,,nan
loto6,statsforecast,sf-mfles,MFLES,UNIVARIATE,{},{},True,VERIFIED,VERIFIED,,NOT_CAPTURED_BY_UNIFIED_CAMPAIGN,VERIFIED,6.086666666666667,60.34666666666666,7.76831169989121,0.175,0.175,0.0,baseline:fixed,5.385,7.045684258229762,-0.7016666666666671,-0.722627441661448,-0.0383333333333333,"[1977,1997,2017,2037,2057]",100,50,1,0d02f05c43812882fe2a7cdcc0e6858477d38b3bc5563300287dac639116814e,2f4ecc1e8b7f7cd644a3d75ba6e27d1c8e532338def73de40921dd8cf8127923,c0806fc14f24cfa4d37ea0b1845143c5b14d8d8fd28f2344763c23133b641345,608a74777a7530baf5fcd546627712dbfc1d47985b4ef6bb008a20ce367821b9,SUCCEEDED,,nan
loto6,statsforecast,sf-tbats,TBATS,UNIVARIATE,"{""season_length"":[4]}","{""season_length"":[4]}",True,VERIFIED,VERIFIED,,NOT_CAPTURED_BY_UNIFIED_CAMPAIGN,VERIFIED,5.166666666666667,42.11333333333334,6.489478664217438,0.1833333333333333,0.1833333333333333,0.0,baseline:fixed,5.385,7.045684258229762,0.21833333333333282,0.5562055940123241,-0.03,"[1977,1997,2017,2037,2057]",100,50,1,0d02f05c43812882fe2a7cdcc0e6858477d38b3bc5563300287dac639116814e,2f4ecc1e8b7f7cd644a3d75ba6e27d1c8e532338def73de40921dd8cf8127923,c0806fc14f24cfa4d37ea0b1845143c5b14d8d8fd28f2344763c23133b641345,fc55b845d2a57255b7832013f623d5255593a2a2dc80aa36dca3c85351dff921,SUCCEEDED,,nan
loto6,statsforecast,sf-theta,Theta,UNIVARIATE,{},{},True,VERIFIED,VERIFIED,,NOT_CAPTURED_BY_UNIFIED_CAMPAIGN,VERIFIED,5.15,41.5,6.442049363362563,0.1816666666666666,0.1816666666666666,0.0,baseline:fixed,5.385,7.045684258229762,0.23499999999999943,0.6036348948671986,-0.031666666666666704,"[1977,1997,2017,2037,2057]",100,50,1,0d02f05c43812882fe2a7cdcc0e6858477d38b3bc5563300287dac639116814e,2f4ecc1e8b7f7cd644a3d75ba6e27d1c8e532338def73de40921dd8cf8127923,c0806fc14f24cfa4d37ea0b1845143c5b14d8d8fd28f2344763c23133b641345,50bee9b5a074a223d1ab4b3ee38534f53c66672016b810ca01e0b3eda0487c9e,SUCCEEDED,,nan
loto6,statsforecast,sf-optimizedtheta,OptimizedTheta,UNIVARIATE,{},{},True,VERIFIED,VERIFIED,,NOT_CAPTURED_BY_UNIFIED_CAMPAIGN,VERIFIED,5.15,41.5,6.442049363362563,0.1816666666666666,0.1816666666666666,0.0,baseline:fixed,5.385,7.045684258229762,0.23499999999999943,0.6036348948671986,-0.031666666666666704,"[1977,1997,2017,2037,2057]",100,50,1,0d02f05c43812882fe2a7cdcc0e6858477d38b3bc5563300287dac639116814e,2f4ecc1e8b7f7cd644a3d75ba6e27d1c8e532338def73de40921dd8cf8127923,c0806fc14f24cfa4d37ea0b1845143c5b14d8d8fd28f2344763c23133b641345,dc336839d2182244c7fabdbeeb9c640f48cc069df52e3161934070c9abcc05b4,SUCCEEDED,,nan
loto6,statsforecast,sf-dynamictheta,DynamicTheta,UNIVARIATE,{},{},True,VERIFIED,VERIFIED,,NOT_CAPTURED_BY_UNIFIED_CAMPAIGN,VERIFIED,5.15,41.5,6.442049363362563,0.1816666666666666,0.1816666666666666,0.0,baseline:fixed,5.385,7.045684258229762,0.23499999999999943,0.6036348948671986,-0.031666666666666704,"[1977,1997,2017,2037,2057]",100,50,1,0d02f05c43812882fe2a7cdcc0e6858477d38b3bc5563300287dac639116814e,2f4ecc1e8b7f7cd644a3d75ba6e27d1c8e532338def73de40921dd8cf8127923,c0806fc14f24cfa4d37ea0b1845143c5b14d8d8fd28f2344763c23133b641345,ed1f34f2a7c0d2cb622c0fee8b62b55e85e4c878acefdbae391d290dcd71dba2,SUCCEEDED,,nan
loto6,statsforecast,sf-dynamicoptimizedtheta,DynamicOptimizedTheta,UNIVARIATE,{},{},True,VERIFIED,VERIFIED,,NOT_CAPTURED_BY_UNIFIED_CAMPAIGN,VERIFIED,5.148333333333333,41.485,6.440885032353862,0.1816666666666666,0.1816666666666666,0.0,baseline:fixed,5.385,7.045684258229762,0.23666666666666636,0.6047992258759001,-0.031666666666666704,"[1977,1997,2017,2037,2057]",100,50,1,0d02f05c43812882fe2a7cdcc0e6858477d38b3bc5563300287dac639116814e,2f4ecc1e8b7f7cd644a3d75ba6e27d1c8e532338def73de40921dd8cf8127923,c0806fc14f24cfa4d37ea0b1845143c5b14d8d8fd28f2344763c23133b641345,86807475b527c81c6a7db513eb0d3ac0072b5aa81d48fc9f27bf639d3044d02d,SUCCEEDED,,nan
loto6,statsforecast,sf-garch,GARCH,UNIVARIATE,{},{},True,VERIFIED,VERIFIED,,NOT_CAPTURED_BY_UNIFIED_CAMPAIGN,VERIFIED,12.98,248.89666666666668,15.776459256330828,0.07,0.07,0.0,baseline:fixed,5.385,7.045684258229762,-7.595000000000001,-8.730774998101065,-0.14333333333333328,"[1977,1997,2017,2037,2057]",100,50,1,0d02f05c43812882fe2a7cdcc0e6858477d38b3bc5563300287dac639116814e,2f4ecc1e8b7f7cd644a3d75ba6e27d1c8e532338def73de40921dd8cf8127923,c0806fc14f24cfa4d37ea0b1845143c5b14d8d8fd28f2344763c23133b641345,c3cfe020acf6c3878e0ee8e98ef21511df8b6382e75cc1c45d007feb9eb6c126,SUCCEEDED,,nan
loto6,statsforecast,sf-arch,ARCH,UNIVARIATE,{},{},True,VERIFIED,VERIFIED,,NOT_CAPTURED_BY_UNIFIED_CAMPAIGN,VERIFIED,13.031666666666666,250.93166666666667,15.840822790078382,0.0733333333333333,0.0733333333333333,0.0,baseline:fixed,5.385,7.045684258229762,-7.6466666666666665,-8.795138531848622,-0.13999999999999999,"[1977,1997,2017,2037,2057]",100,50,1,0d02f05c43812882fe2a7cdcc0e6858477d38b3bc5563300287dac639116814e,2f4ecc1e8b7f7cd644a3d75ba6e27d1c8e532338def73de40921dd8cf8127923,c0806fc14f24cfa4d37ea0b1845143c5b14d8d8fd28f2344763c23133b641345,6b8e3e0ea22ce44d54718486bde7d988aa2a0d12ad4d079e8f76bb946408c2e8,SUCCEEDED,,nan
loto6,statsforecast,sf-sklearnmodel,SklearnModel,EXOGENOUS,"{""model"":{""class"":""sklearn.linear_model._base.LinearRegression"",""params"":{""copy_X"":true,""fit_intercept"":true,""n_jobs"":null,""positive"":false,""tol"":1e-06}}}","{""model"":{""class"":""sklearn.linear_model._base.LinearRegression"",""params"":{""copy_X"":true,""fit_intercept"":true,""n_jobs"":null,""positive"":false,""tol"":1e-06}}}",True,VERIFIED,VERIFIED,,NOT_CAPTURED_BY_UNIFIED_CAMPAIGN,NOT_APPLICABLE_UNIVARIATE,,,,,,,baseline:fixed,5.385,7.045684258229762,,,,"[1977,1997,2017,2037,2057]",100,50,1,0d02f05c43812882fe2a7cdcc0e6858477d38b3bc5563300287dac639116814e,2f4ecc1e8b7f7cd644a3d75ba6e27d1c8e532338def73de40921dd8cf8127923,c0806fc14f24cfa4d37ea0b1845143c5b14d8d8fd28f2344763c23133b641345,,EXOGENOUS_EVALUATION_DEFERRED,StatsForecast runtime exception,primary univariate development protocol does not supply exogenous X_df
loto6,statsforecast,sf-constantmodel,ConstantModel,UNIVARIATE,"{""constant"":1.0}","{""constant"":1.0}",True,VERIFIED,VERIFIED,,NOT_CAPTURED_BY_UNIFIED_CAMPAIGN,VERIFIED,18.965,478.445,21.87338565471747,0.0583333333333333,0.0583333333333333,0.0,baseline:fixed,5.385,7.045684258229762,-13.58,-14.827701396487708,-0.155,"[1977,1997,2017,2037,2057]",100,50,1,0d02f05c43812882fe2a7cdcc0e6858477d38b3bc5563300287dac639116814e,2f4ecc1e8b7f7cd644a3d75ba6e27d1c8e532338def73de40921dd8cf8127923,c0806fc14f24cfa4d37ea0b1845143c5b14d8d8fd28f2344763c23133b641345,65ac924a6368698232886caa50330c94d780c130ad53453f1fcca5d966c5fd00,SUCCEEDED,,nan
loto6,statsforecast,sf-zeromodel,ZeroModel,UNIVARIATE,{},{},True,VERIFIED,VERIFIED,,NOT_CAPTURED_BY_UNIFIED_CAMPAIGN,VERIFIED,18.965,478.445,21.87338565471747,0.0583333333333333,0.0583333333333333,0.0,baseline:fixed,5.385,7.045684258229762,-13.58,-14.827701396487708,-0.155,"[1977,1997,2017,2037,2057]",100,50,1,0d02f05c43812882fe2a7cdcc0e6858477d38b3bc5563300287dac639116814e,2f4ecc1e8b7f7cd644a3d75ba6e27d1c8e532338def73de40921dd8cf8127923,c0806fc14f24cfa4d37ea0b1845143c5b14d8d8fd28f2344763c23133b641345,5240581be99208573e1af140e594360132b043674f6765d7d48d86f643df89c4,SUCCEEDED,,nan
loto6,statsforecast,sf-nanmodel,NaNModel,EXPECTED_NEGATIVE_CONTROL,{},{},True,EXPECTED_NEGATIVE_CONTROL,EXPECTED_NOT_APPLICABLE,,NOT_CAPTURED_BY_UNIFIED_CAMPAIGN,EXPECTED_NEGATIVE_CONTROL,,,,,,,baseline:fixed,5.385,7.045684258229762,,,,"[1977,1997,2017,2037,2057]",100,50,1,0d02f05c43812882fe2a7cdcc0e6858477d38b3bc5563300287dac639116814e,2f4ecc1e8b7f7cd644a3d75ba6e27d1c8e532338def73de40921dd8cf8127923,c0806fc14f24cfa4d37ea0b1845143c5b14d8d8fd28f2344763c23133b641345,,EXPECTED_NEGATIVE_CONTROL,numeric instability,NaNModel is retained as the expected negative control and excluded from ranking
loto6,statsforecast,sf-ucm,UCM,UNIVARIATE,{},{},True,VERIFIED,VERIFIED,,NOT_CAPTURED_BY_UNIFIED_CAMPAIGN,VERIFIED,4.965,38.505,6.205239721396749,0.1866666666666666,0.1866666666666666,0.0,baseline:fixed,5.385,7.045684258229762,0.41999999999999993,0.8404445368330125,-0.0266666666666667,"[1977,1997,2017,2037,2057]",100,50,1,0d02f05c43812882fe2a7cdcc0e6858477d38b3bc5563300287dac639116814e,2f4ecc1e8b7f7cd644a3d75ba6e27d1c8e532338def73de40921dd8cf8127923,c0806fc14f24cfa4d37ea0b1845143c5b14d8d8fd28f2344763c23133b641345,dd190225aabf5c133245c21ef17a5ff669763795cf27502961d7dfc91d3e5571,SUCCEEDED,,nan
loto7,statsforecast,sf-autoarima,AutoARIMA,UNIVARIATE,{},{},True,VERIFIED,VERIFIED,,NOT_CAPTURED_BY_UNIFIED_CAMPAIGN,VERIFIED,4.032857142857143,25.024285714285718,5.002427981918951,0.2185714285714285,0.2185714285714286,0.0,baseline:fixed,4.152857142857143,5.43415126767741,0.1200000000000001,0.43172328575845853,-0.06428571428571431,"[539,559,579,599,619]",100,50,1,a233a38b1f1ecc924fad080ceacd01bc74d3e9b0fc9b466c823461c9097d762d,6f1eebd5c022cc592b2a7c163e439d982b1959a0880cdb75032a26f868c737b5,82471978e1cfd3d8b942e28236b7284d42f4b5bca4374dc30093f4dfcefc40cb,d8d608bcf7712a6d98f9b870f983534ee1ccc8785c00d86a7cab1a5ff1350872,SUCCEEDED,,nan
loto7,statsforecast,sf-autoets,AutoETS,UNIVARIATE,"{""season_length"":4}","{""season_length"":4}",True,VERIFIED,VERIFIED,,NOT_CAPTURED_BY_UNIFIED_CAMPAIGN,VERIFIED,4.024285714285714,25.015714285714285,5.001571181710232,0.2171428571428571,0.2171428571428571,0.0,baseline:fixed,4.152857142857143,5.43415126767741,0.128571428571429,0.432580085967178,-0.0657142857142857,"[539,559,579,599,619]",100,50,1,a233a38b1f1ecc924fad080ceacd01bc74d3e9b0fc9b466c823461c9097d762d,6f1eebd5c022cc592b2a7c163e439d982b1959a0880cdb75032a26f868c737b5,82471978e1cfd3d8b942e28236b7284d42f4b5bca4374dc30093f4dfcefc40cb,9bd5bd843a5f0d6b9d5d2c7a66dfeccda7a9a8cb65f7d26dde2dd6acf6363369,SUCCEEDED,,nan
loto7,statsforecast,sf-autoces,AutoCES,UNIVARIATE,"{""season_length"":4}","{""season_length"":4}",True,VERIFIED,VERIFIED,,NOT_CAPTURED_BY_UNIFIED_CAMPAIGN,VERIFIED,4.045714285714285,25.78857142857143,5.078244916166552,0.2114285714285714,0.2114285714285714,0.0,baseline:fixed,4.152857142857143,5.43415126767741,0.10714285714285765,0.3559063515108578,-0.0714285714285714,"[539,559,579,599,619]",100,50,1,a233a38b1f1ecc924fad080ceacd01bc74d3e9b0fc9b466c823461c9097d762d,6f1eebd5c022cc592b2a7c163e439d982b1959a0880cdb75032a26f868c737b5,82471978e1cfd3d8b942e28236b7284d42f4b5bca4374dc30093f4dfcefc40cb,c502698c1b2bcc754e584b60a07ec7c90f958fd3c71227d7c680cba15f3da8d4,SUCCEEDED,,nan
loto7,statsforecast,sf-autotheta,AutoTheta,UNIVARIATE,{},{},True,VERIFIED,VERIFIED,,NOT_CAPTURED_BY_UNIFIED_CAMPAIGN,VERIFIED,4.1,26.437142857142856,5.141706220423611,0.2185714285714285,0.2185714285714285,0.0,baseline:fixed,4.152857142857143,5.43415126767741,0.05285714285714338,0.29244504725379894,-0.06428571428571431,"[539,559,579,599,619]",100,50,1,a233a38b1f1ecc924fad080ceacd01bc74d3e9b0fc9b466c823461c9097d762d,6f1eebd5c022cc592b2a7c163e439d982b1959a0880cdb75032a26f868c737b5,82471978e1cfd3d8b942e28236b7284d42f4b5bca4374dc30093f4dfcefc40cb,635a3b45ca256c6ba4247f01dff928e9cb1771f421c46c00dcf34e6ea4d8e9ae,SUCCEEDED,,nan
loto7,statsforecast,sf-automfles,AutoMFLES,UNIVARIATE,"{""n_windows"":2,""season_length"":[4],""test_size"":4}","{""n_windows"":2,""season_length"":[4],""test_size"":4}",True,VERIFIED,VERIFIED,,NOT_CAPTURED_BY_UNIFIED_CAMPAIGN,VERIFIED,4.4871428571428575,32.85285714285714,5.731741196430378,0.2214285714285714,0.2214285714285714,0.0,baseline:fixed,4.152857142857143,5.43415126767741,-0.3342857142857145,-0.2975899287529682,-0.061428571428571416,"[539,559,579,599,619]",100,50,1,a233a38b1f1ecc924fad080ceacd01bc74d3e9b0fc9b466c823461c9097d762d,6f1eebd5c022cc592b2a7c163e439d982b1959a0880cdb75032a26f868c737b5,82471978e1cfd3d8b942e28236b7284d42f4b5bca4374dc30093f4dfcefc40cb,8c09eba6f1ea7cf69ecd70e1b516ce0ebbde348e950346abc64f217520e6b054,SUCCEEDED,,nan
loto7,statsforecast,sf-autotbats,AutoTBATS,UNIVARIATE,"{""season_length"":[4]}","{""season_length"":[4]}",True,VERIFIED,VERIFIED,,NOT_CAPTURED_BY_UNIFIED_CAMPAIGN,VERIFIED,4.032857142857143,25.89,5.088221693283421,0.2171428571428571,0.2171428571428571,0.0,baseline:fixed,4.152857142857143,5.43415126767741,0.1200000000000001,0.3459295743939892,-0.0657142857142857,"[539,559,579,599,619]",100,50,1,a233a38b1f1ecc924fad080ceacd01bc74d3e9b0fc9b466c823461c9097d762d,6f1eebd5c022cc592b2a7c163e439d982b1959a0880cdb75032a26f868c737b5,82471978e1cfd3d8b942e28236b7284d42f4b5bca4374dc30093f4dfcefc40cb,385f2cfdef7f5a991444abdb827262d0cfbfe02a02dfcd8416ad89dfc05c2e60,SUCCEEDED,,nan
loto7,statsforecast,sf-arima,ARIMA,UNIVARIATE,"{""order"":[1,0,0]}","{""order"":[1,0,0]}",True,VERIFIED,VERIFIED,,NOT_CAPTURED_BY_UNIFIED_CAMPAIGN,VERIFIED,4.045714285714285,25.125714285714285,5.012555664101326,0.2157142857142857,0.2157142857142857,0.0,baseline:fixed,4.152857142857143,5.43415126767741,0.10714285714285765,0.42159560357608417,-0.06714285714285712,"[539,559,579,599,619]",100,50,1,a233a38b1f1ecc924fad080ceacd01bc74d3e9b0fc9b466c823461c9097d762d,6f1eebd5c022cc592b2a7c163e439d982b1959a0880cdb75032a26f868c737b5,82471978e1cfd3d8b942e28236b7284d42f4b5bca4374dc30093f4dfcefc40cb,665b9cee926a341352fea019598891682d533d1c2262f0de7576f90dfcce3c49,SUCCEEDED,,nan
loto7,statsforecast,sf-autoregressive,AutoRegressive,UNIVARIATE,"{""lags"":1}","{""lags"":{""fixed"":null,""order"":[1,0,0]}}",True,VERIFIED,VERIFIED,,NOT_CAPTURED_BY_UNIFIED_CAMPAIGN,VERIFIED,4.045714285714285,25.125714285714285,5.012555664101326,0.2157142857142857,0.2157142857142857,0.0,baseline:fixed,4.152857142857143,5.43415126767741,0.10714285714285765,0.42159560357608417,-0.06714285714285712,"[539,559,579,599,619]",100,50,1,a233a38b1f1ecc924fad080ceacd01bc74d3e9b0fc9b466c823461c9097d762d,6f1eebd5c022cc592b2a7c163e439d982b1959a0880cdb75032a26f868c737b5,82471978e1cfd3d8b942e28236b7284d42f4b5bca4374dc30093f4dfcefc40cb,26db9e3e147826f56807a389ef116b87684b3ed00b3bf9d49b2a1f60138d1e2b,SUCCEEDED,,nan
loto7,statsforecast,sf-simpleexponentialsmoothing,SimpleExponentialSmoothing,UNIVARIATE,"{""alpha"":0.3}","{""alpha"":0.3}",True,VERIFIED,VERIFIED,,NOT_CAPTURED_BY_UNIFIED_CAMPAIGN,VERIFIED,4.257142857142857,29.44,5.425863986500215,0.2357142857142857,0.2357142857142857,0.0,baseline:fixed,4.152857142857143,5.43415126767741,-0.10428571428571409,0.008287281177194572,-0.0471428571428571,"[539,559,579,599,619]",100,50,1,a233a38b1f1ecc924fad080ceacd01bc74d3e9b0fc9b466c823461c9097d762d,6f1eebd5c022cc592b2a7c163e439d982b1959a0880cdb75032a26f868c737b5,82471978e1cfd3d8b942e28236b7284d42f4b5bca4374dc30093f4dfcefc40cb,696e126f5b66dd0d245d0826588decf9388c7a2041015c8020e4570f76243394,SUCCEEDED,,nan
loto7,statsforecast,sf-simpleexponentialsmoothingoptimized,SimpleExponentialSmoothingOptimized,UNIVARIATE,{},{},True,VERIFIED,VERIFIED,,NOT_CAPTURED_BY_UNIFIED_CAMPAIGN,VERIFIED,4.03,25.255714285714287,5.025506371074887,0.2171428571428571,0.2171428571428571,0.0,baseline:fixed,4.152857142857143,5.43415126767741,0.12285714285714278,0.4086448966025227,-0.0657142857142857,"[539,559,579,599,619]",100,50,1,a233a38b1f1ecc924fad080ceacd01bc74d3e9b0fc9b466c823461c9097d762d,6f1eebd5c022cc592b2a7c163e439d982b1959a0880cdb75032a26f868c737b5,82471978e1cfd3d8b942e28236b7284d42f4b5bca4374dc30093f4dfcefc40cb,c7ee83bd4b10110636bcfa868c967adf21f778d491a3f0eddcc16565c47cf945,SUCCEEDED,,nan
loto7,statsforecast,sf-seasonalexponentialsmoothing,SeasonalExponentialSmoothing,UNIVARIATE,"{""alpha"":0.3,""season_length"":4}","{""alpha"":0.3,""season_length"":4}",True,VERIFIED,VERIFIED,,NOT_CAPTURED_BY_UNIFIED_CAMPAIGN,VERIFIED,4.22,27.96,5.287721626560915,0.22,0.2199999999999999,0.0,baseline:fixed,4.152857142857143,5.43415126767741,-0.06714285714285673,0.14642964111649537,-0.0628571428571428,"[539,559,579,599,619]",100,50,1,a233a38b1f1ecc924fad080ceacd01bc74d3e9b0fc9b466c823461c9097d762d,6f1eebd5c022cc592b2a7c163e439d982b1959a0880cdb75032a26f868c737b5,82471978e1cfd3d8b942e28236b7284d42f4b5bca4374dc30093f4dfcefc40cb,0013e9c97b3c07f37f7f7d756e7cf2fecdcacd0e9f43d9b484d251558c1de277,SUCCEEDED,,nan
loto7,statsforecast,sf-seasonalexponentialsmoothingoptimized,SeasonalExponentialSmoothingOptimized,UNIVARIATE,"{""season_length"":4}","{""season_length"":4}",True,VERIFIED,VERIFIED,,NOT_CAPTURED_BY_UNIFIED_CAMPAIGN,VERIFIED,4.048571428571429,25.494285714285716,5.0491866388841,0.2057142857142857,0.2057142857142857,0.0,baseline:fixed,4.152857142857143,5.43415126767741,0.10428571428571409,0.38496462879330995,-0.0771428571428571,"[539,559,579,599,619]",100,50,1,a233a38b1f1ecc924fad080ceacd01bc74d3e9b0fc9b466c823461c9097d762d,6f1eebd5c022cc592b2a7c163e439d982b1959a0880cdb75032a26f868c737b5,82471978e1cfd3d8b942e28236b7284d42f4b5bca4374dc30093f4dfcefc40cb,5ac1d1246026ca6b853932808a309f44f87f4724ba8c6b922aafca1082e5db10,SUCCEEDED,,nan
loto7,statsforecast,sf-holt,Holt,UNIVARIATE,{},{},True,VERIFIED,VERIFIED,,NOT_CAPTURED_BY_UNIFIED_CAMPAIGN,VERIFIED,4.024285714285714,25.192857142857143,5.019248663182284,0.2185714285714285,0.2185714285714285,0.0,baseline:fixed,4.152857142857143,5.43415126767741,0.128571428571429,0.4149026044951256,-0.06428571428571431,"[539,559,579,599,619]",100,50,1,a233a38b1f1ecc924fad080ceacd01bc74d3e9b0fc9b466c823461c9097d762d,6f1eebd5c022cc592b2a7c163e439d982b1959a0880cdb75032a26f868c737b5,82471978e1cfd3d8b942e28236b7284d42f4b5bca4374dc30093f4dfcefc40cb,6d8249cad5be1b5bc919bb9a0531a5f5e97c2ec9c7a9bd95ce4d54801012a838,SUCCEEDED,,nan
loto7,statsforecast,sf-holtwinters,HoltWinters,UNIVARIATE,"{""season_length"":4}","{""season_length"":4}",True,VERIFIED,VERIFIED,,NOT_CAPTURED_BY_UNIFIED_CAMPAIGN,VERIFIED,4.088571428571429,25.548571428571428,5.054559469288241,0.1971428571428571,0.1971428571428571,0.0,baseline:fixed,4.152857142857143,5.43415126767741,0.06428571428571406,0.37959179838916857,-0.08571428571428572,"[539,559,579,599,619]",100,50,1,a233a38b1f1ecc924fad080ceacd01bc74d3e9b0fc9b466c823461c9097d762d,6f1eebd5c022cc592b2a7c163e439d982b1959a0880cdb75032a26f868c737b5,82471978e1cfd3d8b942e28236b7284d42f4b5bca4374dc30093f4dfcefc40cb,69a3d0a4d686fa13f8e29b1cceb9efb2098249992167f8b0db6785024e3903b3,SUCCEEDED,,nan
loto7,statsforecast,sf-historicaverage,HistoricAverage,UNIVARIATE,{},{},True,VERIFIED,VERIFIED,,NOT_CAPTURED_BY_UNIFIED_CAMPAIGN,VERIFIED,4.024285714285714,25.015714285714285,5.001571181710232,0.2171428571428571,0.2171428571428571,0.0,baseline:fixed,4.152857142857143,5.43415126767741,0.128571428571429,0.432580085967178,-0.0657142857142857,"[539,559,579,599,619]",100,50,1,a233a38b1f1ecc924fad080ceacd01bc74d3e9b0fc9b466c823461c9097d762d,6f1eebd5c022cc592b2a7c163e439d982b1959a0880cdb75032a26f868c737b5,82471978e1cfd3d8b942e28236b7284d42f4b5bca4374dc30093f4dfcefc40cb,57dd34effc31b5f7d16f3f4628117a844f91d40b443170f399c81885b8f742c7,SUCCEEDED,,nan
loto7,statsforecast,sf-naive,Naive,UNIVARIATE,{},{},True,VERIFIED,VERIFIED,,NOT_CAPTURED_BY_UNIFIED_CAMPAIGN,VERIFIED,5.502857142857143,51.84285714285714,7.200198409964627,0.2085714285714285,0.2085714285714285,0.0,baseline:fixed,4.152857142857143,5.43415126767741,-1.3499999999999996,-1.766047142287217,-0.07428571428571432,"[539,559,579,599,619]",100,50,1,a233a38b1f1ecc924fad080ceacd01bc74d3e9b0fc9b466c823461c9097d762d,6f1eebd5c022cc592b2a7c163e439d982b1959a0880cdb75032a26f868c737b5,82471978e1cfd3d8b942e28236b7284d42f4b5bca4374dc30093f4dfcefc40cb,0daf0bf51f1d5e907044a008679dbcb15190ca20c5d07c79a9714d553eb5e865,SUCCEEDED,,nan
loto7,statsforecast,sf-randomwalkwithdrift,RandomWalkWithDrift,UNIVARIATE,{},{},True,VERIFIED,VERIFIED,,NOT_CAPTURED_BY_UNIFIED_CAMPAIGN,VERIFIED,5.502857142857143,51.84285714285714,7.200198409964627,0.2085714285714285,0.2085714285714285,0.0,baseline:fixed,4.152857142857143,5.43415126767741,-1.3499999999999996,-1.766047142287217,-0.07428571428571432,"[539,559,579,599,619]",100,50,1,a233a38b1f1ecc924fad080ceacd01bc74d3e9b0fc9b466c823461c9097d762d,6f1eebd5c022cc592b2a7c163e439d982b1959a0880cdb75032a26f868c737b5,82471978e1cfd3d8b942e28236b7284d42f4b5bca4374dc30093f4dfcefc40cb,768cfcd8a7a44c294e49a3db1ef317e3b60c78261e322bdd863753c2c7b0ad9c,SUCCEEDED,,nan
loto7,statsforecast,sf-seasonalnaive,SeasonalNaive,UNIVARIATE,"{""season_length"":4}","{""season_length"":4}",True,VERIFIED,VERIFIED,,NOT_CAPTURED_BY_UNIFIED_CAMPAIGN,VERIFIED,5.342857142857143,47.33714285714286,6.880199332660563,0.1942857142857142,0.1942857142857142,0.0,baseline:fixed,4.152857142857143,5.43415126767741,-1.1900000000000004,-1.4460480649831533,-0.0885714285714286,"[539,559,579,599,619]",100,50,1,a233a38b1f1ecc924fad080ceacd01bc74d3e9b0fc9b466c823461c9097d762d,6f1eebd5c022cc592b2a7c163e439d982b1959a0880cdb75032a26f868c737b5,82471978e1cfd3d8b942e28236b7284d42f4b5bca4374dc30093f4dfcefc40cb,afd5a855c2c09402484a20ad4df72bd0effe8f2a202ed84e8f97c2a4b807a009,SUCCEEDED,,nan
loto7,statsforecast,sf-conformalseasonalpool,ConformalSeasonalPool,UNIVARIATE,"{""n_samples"":200,""season_length"":4}","{""n_samples"":200,""season_length"":4}",True,VERIFIED,VERIFIED,,NOT_CAPTURED_BY_UNIFIED_CAMPAIGN,VERIFIED,5.342857142857143,47.33714285714286,6.880199332660563,0.1942857142857142,0.1942857142857142,0.0,baseline:fixed,4.152857142857143,5.43415126767741,-1.1900000000000004,-1.4460480649831533,-0.0885714285714286,"[539,559,579,599,619]",100,50,1,a233a38b1f1ecc924fad080ceacd01bc74d3e9b0fc9b466c823461c9097d762d,6f1eebd5c022cc592b2a7c163e439d982b1959a0880cdb75032a26f868c737b5,82471978e1cfd3d8b942e28236b7284d42f4b5bca4374dc30093f4dfcefc40cb,93f581cd74b0e0c0c60012c4e1e4b104b56057e05f6a2a4dc0e4b74821b21a73,SUCCEEDED,,nan
loto7,statsforecast,sf-windowaverage,WindowAverage,UNIVARIATE,"{""window_size"":3}","{""window_size"":3}",True,VERIFIED,VERIFIED,,NOT_CAPTURED_BY_UNIFIED_CAMPAIGN,VERIFIED,4.62,34.38,5.863446085707619,0.2214285714285714,0.2214285714285714,0.0,baseline:fixed,4.152857142857143,5.43415126767741,-0.4671428571428571,-0.4292948180302094,-0.061428571428571416,"[539,559,579,599,619]",100,50,1,a233a38b1f1ecc924fad080ceacd01bc74d3e9b0fc9b466c823461c9097d762d,6f1eebd5c022cc592b2a7c163e439d982b1959a0880cdb75032a26f868c737b5,82471978e1cfd3d8b942e28236b7284d42f4b5bca4374dc30093f4dfcefc40cb,1f7f870e6c509dce723d08bc766faab25b5f227fb7245c057d56105d0cd89b94,SUCCEEDED,,nan
loto7,statsforecast,sf-seasonalwindowaverage,SeasonalWindowAverage,UNIVARIATE,"{""season_length"":4,""window_size"":2}","{""season_length"":4,""window_size"":2}",True,VERIFIED,VERIFIED,,NOT_CAPTURED_BY_UNIFIED_CAMPAIGN,VERIFIED,4.678571428571429,35.49,5.957348403442592,0.2142857142857142,0.2142857142857142,0.0,baseline:fixed,4.152857142857143,5.43415126767741,-0.5257142857142858,-0.5231971357651819,-0.06857142857142862,"[539,559,579,599,619]",100,50,1,a233a38b1f1ecc924fad080ceacd01bc74d3e9b0fc9b466c823461c9097d762d,6f1eebd5c022cc592b2a7c163e439d982b1959a0880cdb75032a26f868c737b5,82471978e1cfd3d8b942e28236b7284d42f4b5bca4374dc30093f4dfcefc40cb,c8de8024a8f0502d451fcac376b8b0518e5f5489a37d97fe1da5c551af8a69e7,SUCCEEDED,,nan
loto7,statsforecast,sf-adida,ADIDA,UNIVARIATE,{},{},True,VERIFIED,VERIFIED,,NOT_CAPTURED_BY_UNIFIED_CAMPAIGN,VERIFIED,4.098571428571429,26.42142857142857,5.140177873520387,0.2185714285714285,0.2185714285714285,0.0,baseline:fixed,4.152857142857143,5.43415126767741,0.05428571428571427,0.29397339415702284,-0.06428571428571431,"[539,559,579,599,619]",100,50,1,a233a38b1f1ecc924fad080ceacd01bc74d3e9b0fc9b466c823461c9097d762d,6f1eebd5c022cc592b2a7c163e439d982b1959a0880cdb75032a26f868c737b5,82471978e1cfd3d8b942e28236b7284d42f4b5bca4374dc30093f4dfcefc40cb,9c7727b5f877a6eb935180a1cc4338f0eb46a7973c46e38249c67c61c77873f5,SUCCEEDED,,nan
loto7,statsforecast,sf-crostonclassic,CrostonClassic,UNIVARIATE,{},{},True,VERIFIED,VERIFIED,,NOT_CAPTURED_BY_UNIFIED_CAMPAIGN,VERIFIED,4.098571428571429,26.42142857142857,5.140177873520387,0.2185714285714285,0.2185714285714285,0.0,baseline:fixed,4.152857142857143,5.43415126767741,0.05428571428571427,0.29397339415702284,-0.06428571428571431,"[539,559,579,599,619]",100,50,1,a233a38b1f1ecc924fad080ceacd01bc74d3e9b0fc9b466c823461c9097d762d,6f1eebd5c022cc592b2a7c163e439d982b1959a0880cdb75032a26f868c737b5,82471978e1cfd3d8b942e28236b7284d42f4b5bca4374dc30093f4dfcefc40cb,4a325ef19ec2b7cce08c423468588625d62b72e970a686df3b7f09c8cacd76f5,SUCCEEDED,,nan
loto7,statsforecast,sf-crostonoptimized,CrostonOptimized,UNIVARIATE,{},{},True,VERIFIED,VERIFIED,,NOT_CAPTURED_BY_UNIFIED_CAMPAIGN,VERIFIED,4.098571428571429,26.42142857142857,5.140177873520387,0.2185714285714285,0.2185714285714285,0.0,baseline:fixed,4.152857142857143,5.43415126767741,0.05428571428571427,0.29397339415702284,-0.06428571428571431,"[539,559,579,599,619]",100,50,1,a233a38b1f1ecc924fad080ceacd01bc74d3e9b0fc9b466c823461c9097d762d,6f1eebd5c022cc592b2a7c163e439d982b1959a0880cdb75032a26f868c737b5,82471978e1cfd3d8b942e28236b7284d42f4b5bca4374dc30093f4dfcefc40cb,ee0973681c8820288afa38f3e0120decc508117a0ae8852a1a36aa9319877fef,SUCCEEDED,,nan
loto7,statsforecast,sf-crostonsba,CrostonSBA,UNIVARIATE,{},{},True,VERIFIED,VERIFIED,,NOT_CAPTURED_BY_UNIFIED_CAMPAIGN,VERIFIED,4.271428571428571,27.665714285714287,5.259820746538259,0.2014285714285714,0.2014285714285714,0.0,baseline:fixed,4.152857142857143,5.43415126767741,-0.11857142857142833,0.17433052113915082,-0.0814285714285714,"[539,559,579,599,619]",100,50,1,a233a38b1f1ecc924fad080ceacd01bc74d3e9b0fc9b466c823461c9097d762d,6f1eebd5c022cc592b2a7c163e439d982b1959a0880cdb75032a26f868c737b5,82471978e1cfd3d8b942e28236b7284d42f4b5bca4374dc30093f4dfcefc40cb,9e236e8c00603d9a5a0eb925bf68c3590c566f4da7e337b226280394cdffbf24,SUCCEEDED,,nan
loto7,statsforecast,sf-imapa,IMAPA,UNIVARIATE,{},{},True,VERIFIED,VERIFIED,,NOT_CAPTURED_BY_UNIFIED_CAMPAIGN,VERIFIED,4.098571428571429,26.42142857142857,5.140177873520387,0.2185714285714285,0.2185714285714285,0.0,baseline:fixed,4.152857142857143,5.43415126767741,0.05428571428571427,0.29397339415702284,-0.06428571428571431,"[539,559,579,599,619]",100,50,1,a233a38b1f1ecc924fad080ceacd01bc74d3e9b0fc9b466c823461c9097d762d,6f1eebd5c022cc592b2a7c163e439d982b1959a0880cdb75032a26f868c737b5,82471978e1cfd3d8b942e28236b7284d42f4b5bca4374dc30093f4dfcefc40cb,72490a3d0c72fb38bb0a2517d3d66e2c343b40bf2bbb861ee270dc78ca3d0586,SUCCEEDED,,nan
loto7,statsforecast,sf-tsb,TSB,UNIVARIATE,"{""alpha_d"":0.3,""alpha_p"":0.3}","{""alpha_d"":0.3,""alpha_p"":0.3}",True,VERIFIED,VERIFIED,,NOT_CAPTURED_BY_UNIFIED_CAMPAIGN,VERIFIED,4.257142857142857,29.44,5.425863986500215,0.2357142857142857,0.2357142857142857,0.0,baseline:fixed,4.152857142857143,5.43415126767741,-0.10428571428571409,0.008287281177194572,-0.0471428571428571,"[539,559,579,599,619]",100,50,1,a233a38b1f1ecc924fad080ceacd01bc74d3e9b0fc9b466c823461c9097d762d,6f1eebd5c022cc592b2a7c163e439d982b1959a0880cdb75032a26f868c737b5,82471978e1cfd3d8b942e28236b7284d42f4b5bca4374dc30093f4dfcefc40cb,b93b66f82d3076be78b995b8327d7e9ce177b7c69d9c653f8873bd8b0a8b0675,SUCCEEDED,,nan
loto7,statsforecast,sf-mstl,MSTL,UNIVARIATE,"{""season_length"":[4]}","{""season_length"":[4]}",True,VERIFIED,VERIFIED,,NOT_CAPTURED_BY_UNIFIED_CAMPAIGN,VERIFIED,4.094285714285714,26.39142857142857,5.137258857740047,0.2214285714285714,0.2214285714285714,0.0,baseline:fixed,4.152857142857143,5.43415126767741,0.05857142857142872,0.2968924099373629,-0.061428571428571416,"[539,559,579,599,619]",100,50,1,a233a38b1f1ecc924fad080ceacd01bc74d3e9b0fc9b466c823461c9097d762d,6f1eebd5c022cc592b2a7c163e439d982b1959a0880cdb75032a26f868c737b5,82471978e1cfd3d8b942e28236b7284d42f4b5bca4374dc30093f4dfcefc40cb,3aaef20842e2f5f12fa79c16d4f32172780de54a675a21e94331a72e2676e119,SUCCEEDED,,nan
loto7,statsforecast,sf-mfles,MFLES,UNIVARIATE,{},{},True,VERIFIED,VERIFIED,,NOT_CAPTURED_BY_UNIFIED_CAMPAIGN,VERIFIED,4.717142857142857,36.317142857142855,6.0263706206258885,0.2042857142857143,0.2042857142857143,0.0,baseline:fixed,4.152857142857143,5.43415126767741,-0.5642857142857141,-0.5922193529484785,-0.07857142857142851,"[539,559,579,599,619]",100,50,1,a233a38b1f1ecc924fad080ceacd01bc74d3e9b0fc9b466c823461c9097d762d,6f1eebd5c022cc592b2a7c163e439d982b1959a0880cdb75032a26f868c737b5,82471978e1cfd3d8b942e28236b7284d42f4b5bca4374dc30093f4dfcefc40cb,08d7e1c6d77167aff3b61c8747094412552b20ef689bc19b09060957126e4d14,SUCCEEDED,,nan
loto7,statsforecast,sf-tbats,TBATS,UNIVARIATE,"{""season_length"":[4]}","{""season_length"":[4]}",True,VERIFIED,VERIFIED,,NOT_CAPTURED_BY_UNIFIED_CAMPAIGN,VERIFIED,4.07,26.452857142857145,5.143234113168206,0.2314285714285714,0.2314285714285714,0.0,baseline:fixed,4.152857142857143,5.43415126767741,0.08285714285714274,0.29091715450920397,-0.05142857142857141,"[539,559,579,599,619]",100,50,1,a233a38b1f1ecc924fad080ceacd01bc74d3e9b0fc9b466c823461c9097d762d,6f1eebd5c022cc592b2a7c163e439d982b1959a0880cdb75032a26f868c737b5,82471978e1cfd3d8b942e28236b7284d42f4b5bca4374dc30093f4dfcefc40cb,5a9a5cce2d5561e3e0c6f78ec47a4be8065e1631982f6c72fcec24d49af30c74,SUCCEEDED,,nan
loto7,statsforecast,sf-theta,Theta,UNIVARIATE,{},{},True,VERIFIED,VERIFIED,,NOT_CAPTURED_BY_UNIFIED_CAMPAIGN,VERIFIED,4.1,26.437142857142856,5.141706220423611,0.2185714285714285,0.2185714285714285,0.0,baseline:fixed,4.152857142857143,5.43415126767741,0.05285714285714338,0.29244504725379894,-0.06428571428571431,"[539,559,579,599,619]",100,50,1,a233a38b1f1ecc924fad080ceacd01bc74d3e9b0fc9b466c823461c9097d762d,6f1eebd5c022cc592b2a7c163e439d982b1959a0880cdb75032a26f868c737b5,82471978e1cfd3d8b942e28236b7284d42f4b5bca4374dc30093f4dfcefc40cb,a3aba272d3a59cffd0dd722f159bea515a947c2dde0f433fb906c76b4f88c603,SUCCEEDED,,nan
loto7,statsforecast,sf-optimizedtheta,OptimizedTheta,UNIVARIATE,{},{},True,VERIFIED,VERIFIED,,NOT_CAPTURED_BY_UNIFIED_CAMPAIGN,VERIFIED,4.1,26.437142857142856,5.141706220423611,0.2185714285714285,0.2185714285714285,0.0,baseline:fixed,4.152857142857143,5.43415126767741,0.05285714285714338,0.29244504725379894,-0.06428571428571431,"[539,559,579,599,619]",100,50,1,a233a38b1f1ecc924fad080ceacd01bc74d3e9b0fc9b466c823461c9097d762d,6f1eebd5c022cc592b2a7c163e439d982b1959a0880cdb75032a26f868c737b5,82471978e1cfd3d8b942e28236b7284d42f4b5bca4374dc30093f4dfcefc40cb,719a06b0780adb14862827baf447de7081587a6bcf2001309305409a7ee6903d,SUCCEEDED,,nan
loto7,statsforecast,sf-dynamictheta,DynamicTheta,UNIVARIATE,{},{},True,VERIFIED,VERIFIED,,NOT_CAPTURED_BY_UNIFIED_CAMPAIGN,VERIFIED,4.1,26.437142857142856,5.141706220423611,0.2185714285714285,0.2185714285714285,0.0,baseline:fixed,4.152857142857143,5.43415126767741,0.05285714285714338,0.29244504725379894,-0.06428571428571431,"[539,559,579,599,619]",100,50,1,a233a38b1f1ecc924fad080ceacd01bc74d3e9b0fc9b466c823461c9097d762d,6f1eebd5c022cc592b2a7c163e439d982b1959a0880cdb75032a26f868c737b5,82471978e1cfd3d8b942e28236b7284d42f4b5bca4374dc30093f4dfcefc40cb,f1ae1c66f18a5033cba77425f2db582851f9036ac7c1817da388937cf3898520,SUCCEEDED,,nan
loto7,statsforecast,sf-dynamicoptimizedtheta,DynamicOptimizedTheta,UNIVARIATE,{},{},True,VERIFIED,VERIFIED,,NOT_CAPTURED_BY_UNIFIED_CAMPAIGN,VERIFIED,4.098571428571429,26.42142857142857,5.140177873520387,0.2185714285714285,0.2185714285714285,0.0,baseline:fixed,4.152857142857143,5.43415126767741,0.05428571428571427,0.29397339415702284,-0.06428571428571431,"[539,559,579,599,619]",100,50,1,a233a38b1f1ecc924fad080ceacd01bc74d3e9b0fc9b466c823461c9097d762d,6f1eebd5c022cc592b2a7c163e439d982b1959a0880cdb75032a26f868c737b5,82471978e1cfd3d8b942e28236b7284d42f4b5bca4374dc30093f4dfcefc40cb,ac8ff95a263afedf18c8273a41dba4e0d9a2ef2ee42cee97be220898c4fe755d,SUCCEEDED,,nan
loto7,statsforecast,sf-garch,GARCH,UNIVARIATE,{},{},True,VERIFIED,VERIFIED,,NOT_CAPTURED_BY_UNIFIED_CAMPAIGN,VERIFIED,11.207142857142856,186.42714285714283,13.653832533656724,0.0971428571428571,0.0971428571428571,0.0,baseline:fixed,4.152857142857143,5.43415126767741,-7.0542857142857125,-8.219681265979315,-0.18571428571428572,"[539,559,579,599,619]",100,50,1,a233a38b1f1ecc924fad080ceacd01bc74d3e9b0fc9b466c823461c9097d762d,6f1eebd5c022cc592b2a7c163e439d982b1959a0880cdb75032a26f868c737b5,82471978e1cfd3d8b942e28236b7284d42f4b5bca4374dc30093f4dfcefc40cb,b18041858e8b086ebf6a6215036b6a4ce0178366852c5142c75ea801865bb3c4,SUCCEEDED,,nan
loto7,statsforecast,sf-arch,ARCH,UNIVARIATE,{},{},True,VERIFIED,VERIFIED,,NOT_CAPTURED_BY_UNIFIED_CAMPAIGN,VERIFIED,11.214285714285714,187.06857142857143,13.677301321114902,0.0985714285714285,0.0985714285714286,0.0,baseline:fixed,4.152857142857143,5.43415126767741,-7.0614285714285705,-8.243150053437493,-0.1842857142857143,"[539,559,579,599,619]",100,50,1,a233a38b1f1ecc924fad080ceacd01bc74d3e9b0fc9b466c823461c9097d762d,6f1eebd5c022cc592b2a7c163e439d982b1959a0880cdb75032a26f868c737b5,82471978e1cfd3d8b942e28236b7284d42f4b5bca4374dc30093f4dfcefc40cb,7cd2043bedcf3cd85f9f8828ebd6641e58d63be667c5327ba2ab56c89cf37d14,SUCCEEDED,,nan
loto7,statsforecast,sf-sklearnmodel,SklearnModel,EXOGENOUS,"{""model"":{""class"":""sklearn.linear_model._base.LinearRegression"",""params"":{""copy_X"":true,""fit_intercept"":true,""n_jobs"":null,""positive"":false,""tol"":1e-06}}}","{""model"":{""class"":""sklearn.linear_model._base.LinearRegression"",""params"":{""copy_X"":true,""fit_intercept"":true,""n_jobs"":null,""positive"":false,""tol"":1e-06}}}",True,VERIFIED,VERIFIED,,NOT_CAPTURED_BY_UNIFIED_CAMPAIGN,NOT_APPLICABLE_UNIVARIATE,,,,,,,baseline:fixed,4.152857142857143,5.43415126767741,,,,"[539,559,579,599,619]",100,50,1,a233a38b1f1ecc924fad080ceacd01bc74d3e9b0fc9b466c823461c9097d762d,6f1eebd5c022cc592b2a7c163e439d982b1959a0880cdb75032a26f868c737b5,82471978e1cfd3d8b942e28236b7284d42f4b5bca4374dc30093f4dfcefc40cb,,EXOGENOUS_EVALUATION_DEFERRED,StatsForecast runtime exception,primary univariate development protocol does not supply exogenous X_df
loto7,statsforecast,sf-constantmodel,ConstantModel,UNIVARIATE,"{""constant"":1.0}","{""constant"":1.0}",True,VERIFIED,VERIFIED,,NOT_CAPTURED_BY_UNIFIED_CAMPAIGN,VERIFIED,15.401428571428571,318.0185714285714,17.833075209524896,0.0614285714285714,0.0614285714285714,0.0,baseline:fixed,4.152857142857143,5.43415126767741,-11.248571428571427,-12.398923941847485,-0.22142857142857142,"[539,559,579,599,619]",100,50,1,a233a38b1f1ecc924fad080ceacd01bc74d3e9b0fc9b466c823461c9097d762d,6f1eebd5c022cc592b2a7c163e439d982b1959a0880cdb75032a26f868c737b5,82471978e1cfd3d8b942e28236b7284d42f4b5bca4374dc30093f4dfcefc40cb,f2c8e20ef5f66d6c320f48dba3a9c4a06ab00238cdb3ecebdc0dbec246cc15b7,SUCCEEDED,,nan
loto7,statsforecast,sf-zeromodel,ZeroModel,UNIVARIATE,{},{},True,VERIFIED,VERIFIED,,NOT_CAPTURED_BY_UNIFIED_CAMPAIGN,VERIFIED,15.401428571428571,318.0185714285714,17.833075209524896,0.0614285714285714,0.0614285714285714,0.0,baseline:fixed,4.152857142857143,5.43415126767741,-11.248571428571427,-12.398923941847485,-0.22142857142857142,"[539,559,579,599,619]",100,50,1,a233a38b1f1ecc924fad080ceacd01bc74d3e9b0fc9b466c823461c9097d762d,6f1eebd5c022cc592b2a7c163e439d982b1959a0880cdb75032a26f868c737b5,82471978e1cfd3d8b942e28236b7284d42f4b5bca4374dc30093f4dfcefc40cb,245dfff9a20d50a18931267c9c82599c9820d46ec53a26a38f8b34f26d46e004,SUCCEEDED,,nan
loto7,statsforecast,sf-nanmodel,NaNModel,EXPECTED_NEGATIVE_CONTROL,{},{},True,EXPECTED_NEGATIVE_CONTROL,EXPECTED_NOT_APPLICABLE,,NOT_CAPTURED_BY_UNIFIED_CAMPAIGN,EXPECTED_NEGATIVE_CONTROL,,,,,,,baseline:fixed,4.152857142857143,5.43415126767741,,,,"[539,559,579,599,619]",100,50,1,a233a38b1f1ecc924fad080ceacd01bc74d3e9b0fc9b466c823461c9097d762d,6f1eebd5c022cc592b2a7c163e439d982b1959a0880cdb75032a26f868c737b5,82471978e1cfd3d8b942e28236b7284d42f4b5bca4374dc30093f4dfcefc40cb,,EXPECTED_NEGATIVE_CONTROL,numeric instability,NaNModel is retained as the expected negative control and excluded from ranking
loto7,statsforecast,sf-ucm,UCM,UNIVARIATE,{},{},True,VERIFIED,VERIFIED,,NOT_CAPTURED_BY_UNIFIED_CAMPAIGN,VERIFIED,4.018571428571429,25.06142857142857,5.006139088302339,0.2171428571428571,0.2171428571428571,0.0,baseline:fixed,4.152857142857143,5.43415126767741,0.13428571428571434,0.4280121793750711,-0.0657142857142857,"[539,559,579,599,619]",100,50,1,a233a38b1f1ecc924fad080ceacd01bc74d3e9b0fc9b466c823461c9097d762d,6f1eebd5c022cc592b2a7c163e439d982b1959a0880cdb75032a26f868c737b5,82471978e1cfd3d8b942e28236b7284d42f4b5bca4374dc30093f4dfcefc40cb,3d2ca0f2ab17d089b90210889a21fd349d05a80cef9e5b245e0876e92b01db0c,SUCCEEDED,,nan
mini,statsforecast,sf-autoarima,AutoARIMA,UNIVARIATE,{},{},True,VERIFIED,VERIFIED,,NOT_CAPTURED_BY_UNIFIED_CAMPAIGN,VERIFIED,3.786,23.022,4.7981246336459416,0.24,0.24,0.0,baseline:fixed,4.096,5.427706698044765,0.31000000000000005,0.6295820643988232,-0.045999999999999985,"[1248,1268,1288,1308,1328]",100,50,1,1f3ca2b652c37e5335306fad976f7b7cd8c46d129213188f3d2fe39e49ff8cba,b4d02ec7cc317332293f873683418fbd60a0f2c8e6ed54a7e933e279fd06c815,5b2cb73d751a23bcfff6ae6252d946cd59f5fe3ac39ac5ec08619bd8b037461c,199dd1ed54714b06b67ca0d08eb886f47969f8120f9735b0e881eeb916d1027c,SUCCEEDED,,nan
mini,statsforecast,sf-autoets,AutoETS,UNIVARIATE,"{""season_length"":4}","{""season_length"":4}",True,VERIFIED,VERIFIED,,NOT_CAPTURED_BY_UNIFIED_CAMPAIGN,VERIFIED,3.794,23.07,4.803123983409131,0.236,0.236,0.0,baseline:fixed,4.096,5.427706698044765,0.30200000000000005,0.6245827146356335,-0.04999999999999999,"[1248,1268,1288,1308,1328]",100,50,1,1f3ca2b652c37e5335306fad976f7b7cd8c46d129213188f3d2fe39e49ff8cba,b4d02ec7cc317332293f873683418fbd60a0f2c8e6ed54a7e933e279fd06c815,5b2cb73d751a23bcfff6ae6252d946cd59f5fe3ac39ac5ec08619bd8b037461c,ab4704a130be3e0731be00ad4936b06bebbacb4ade00d1c5ad46ad4871c8086f,SUCCEEDED,,nan
mini,statsforecast,sf-autoces,AutoCES,UNIVARIATE,"{""season_length"":4}","{""season_length"":4}",True,VERIFIED,VERIFIED,,NOT_CAPTURED_BY_UNIFIED_CAMPAIGN,VERIFIED,3.822,23.198,4.816430213342658,0.24,0.24,0.0,baseline:fixed,4.096,5.427706698044765,0.274,0.611276484702107,-0.045999999999999985,"[1248,1268,1288,1308,1328]",100,50,1,1f3ca2b652c37e5335306fad976f7b7cd8c46d129213188f3d2fe39e49ff8cba,b4d02ec7cc317332293f873683418fbd60a0f2c8e6ed54a7e933e279fd06c815,5b2cb73d751a23bcfff6ae6252d946cd59f5fe3ac39ac5ec08619bd8b037461c,5470d8334d48f1b9251f9217f5c9b16af81fcce1529743f08722b23954d872bf,SUCCEEDED,,nan
mini,statsforecast,sf-autotheta,AutoTheta,UNIVARIATE,{},{},True,VERIFIED,VERIFIED,,NOT_CAPTURED_BY_UNIFIED_CAMPAIGN,VERIFIED,3.796,23.324,4.829492726984896,0.258,0.258,0.01,baseline:fixed,4.096,5.427706698044765,0.30000000000000027,0.5982139710598684,-0.02799999999999997,"[1248,1268,1288,1308,1328]",100,50,1,1f3ca2b652c37e5335306fad976f7b7cd8c46d129213188f3d2fe39e49ff8cba,b4d02ec7cc317332293f873683418fbd60a0f2c8e6ed54a7e933e279fd06c815,5b2cb73d751a23bcfff6ae6252d946cd59f5fe3ac39ac5ec08619bd8b037461c,025c7795c3f4cfb65af57bdcd0542c21fcd717aa49fb60e95bbb5c4dd22f1c30,SUCCEEDED,,nan
mini,statsforecast,sf-automfles,AutoMFLES,UNIVARIATE,"{""n_windows"":2,""season_length"":[4],""test_size"":4}","{""n_windows"":2,""season_length"":[4],""test_size"":4}",True,VERIFIED,VERIFIED,,NOT_CAPTURED_BY_UNIFIED_CAMPAIGN,VERIFIED,4.196,28.376,5.326912801989535,0.222,0.222,0.0,baseline:fixed,4.096,5.427706698044765,-0.09999999999999964,0.10079389605522948,-0.06399999999999997,"[1248,1268,1288,1308,1328]",100,50,1,1f3ca2b652c37e5335306fad976f7b7cd8c46d129213188f3d2fe39e49ff8cba,b4d02ec7cc317332293f873683418fbd60a0f2c8e6ed54a7e933e279fd06c815,5b2cb73d751a23bcfff6ae6252d946cd59f5fe3ac39ac5ec08619bd8b037461c,22b3b5546bab7eb03b91dbf708bae65c51d7151e4f62482daef34df4c68309d3,SUCCEEDED,,nan
mini,statsforecast,sf-autotbats,AutoTBATS,UNIVARIATE,"{""season_length"":[4]}","{""season_length"":[4]}",True,VERIFIED,VERIFIED,,NOT_CAPTURED_BY_UNIFIED_CAMPAIGN,VERIFIED,3.786,23.462,4.843758870959618,0.236,0.236,0.0,baseline:fixed,4.096,5.427706698044765,0.31000000000000005,0.5839478270851464,-0.04999999999999999,"[1248,1268,1288,1308,1328]",100,50,1,1f3ca2b652c37e5335306fad976f7b7cd8c46d129213188f3d2fe39e49ff8cba,b4d02ec7cc317332293f873683418fbd60a0f2c8e6ed54a7e933e279fd06c815,5b2cb73d751a23bcfff6ae6252d946cd59f5fe3ac39ac5ec08619bd8b037461c,6ee30ccbcb7118c19f531d9e9ddfba5ee0a1bbe169e9a6f4badf1874c76c49a0,SUCCEEDED,,nan
mini,statsforecast,sf-arima,ARIMA,UNIVARIATE,"{""order"":[1,0,0]}","{""order"":[1,0,0]}",True,VERIFIED,VERIFIED,,NOT_CAPTURED_BY_UNIFIED_CAMPAIGN,VERIFIED,3.796,22.868,4.782049769711729,0.232,0.232,0.0,baseline:fixed,4.096,5.427706698044765,0.30000000000000027,0.645656928333036,-0.053999999999999965,"[1248,1268,1288,1308,1328]",100,50,1,1f3ca2b652c37e5335306fad976f7b7cd8c46d129213188f3d2fe39e49ff8cba,b4d02ec7cc317332293f873683418fbd60a0f2c8e6ed54a7e933e279fd06c815,5b2cb73d751a23bcfff6ae6252d946cd59f5fe3ac39ac5ec08619bd8b037461c,578b4694e2d94f1550ad598a76f5dea91b962a2fea650550790453eca5b313f2,SUCCEEDED,,nan
mini,statsforecast,sf-autoregressive,AutoRegressive,UNIVARIATE,"{""lags"":1}","{""lags"":{""fixed"":null,""order"":[1,0,0]}}",True,VERIFIED,VERIFIED,,NOT_CAPTURED_BY_UNIFIED_CAMPAIGN,VERIFIED,3.796,22.868,4.782049769711729,0.232,0.232,0.0,baseline:fixed,4.096,5.427706698044765,0.30000000000000027,0.645656928333036,-0.053999999999999965,"[1248,1268,1288,1308,1328]",100,50,1,1f3ca2b652c37e5335306fad976f7b7cd8c46d129213188f3d2fe39e49ff8cba,b4d02ec7cc317332293f873683418fbd60a0f2c8e6ed54a7e933e279fd06c815,5b2cb73d751a23bcfff6ae6252d946cd59f5fe3ac39ac5ec08619bd8b037461c,2d404953e91992e12856a6682bf50546e60ec5fcaa1a94fb4ab6ae6a9b89eecb,SUCCEEDED,,nan
mini,statsforecast,sf-simpleexponentialsmoothing,SimpleExponentialSmoothing,UNIVARIATE,"{""alpha"":0.3}","{""alpha"":0.3}",True,VERIFIED,VERIFIED,,NOT_CAPTURED_BY_UNIFIED_CAMPAIGN,VERIFIED,3.968,25.716,5.071094556404958,0.24,0.24,0.01,baseline:fixed,4.096,5.427706698044765,0.1280000000000001,0.3566121416398067,-0.045999999999999985,"[1248,1268,1288,1308,1328]",100,50,1,1f3ca2b652c37e5335306fad976f7b7cd8c46d129213188f3d2fe39e49ff8cba,b4d02ec7cc317332293f873683418fbd60a0f2c8e6ed54a7e933e279fd06c815,5b2cb73d751a23bcfff6ae6252d946cd59f5fe3ac39ac5ec08619bd8b037461c,11afe189bf31120fc0f0a6787d2aa54ea8c9057efd43641c6d8715ddc64dcb8d,SUCCEEDED,,nan
mini,statsforecast,sf-simpleexponentialsmoothingoptimized,SimpleExponentialSmoothingOptimized,UNIVARIATE,{},{},True,VERIFIED,VERIFIED,,NOT_CAPTURED_BY_UNIFIED_CAMPAIGN,VERIFIED,3.804,23.02,4.797916214358063,0.236,0.236,0.0,baseline:fixed,4.096,5.427706698044765,0.29200000000000026,0.6297904836867021,-0.04999999999999999,"[1248,1268,1288,1308,1328]",100,50,1,1f3ca2b652c37e5335306fad976f7b7cd8c46d129213188f3d2fe39e49ff8cba,b4d02ec7cc317332293f873683418fbd60a0f2c8e6ed54a7e933e279fd06c815,5b2cb73d751a23bcfff6ae6252d946cd59f5fe3ac39ac5ec08619bd8b037461c,73ba00b862e7302721df4c1f5374655e39bc0a26a3b617603b7062e4a87f60ba,SUCCEEDED,,nan
mini,statsforecast,sf-seasonalexponentialsmoothing,SeasonalExponentialSmoothing,UNIVARIATE,"{""alpha"":0.3,""season_length"":4}","{""alpha"":0.3,""season_length"":4}",True,VERIFIED,VERIFIED,,NOT_CAPTURED_BY_UNIFIED_CAMPAIGN,VERIFIED,4.094,26.654,5.162751204542013,0.232,0.2319999999999999,0.0,baseline:fixed,4.096,5.427706698044765,0.0019999999999997797,0.26495549350275205,-0.053999999999999965,"[1248,1268,1288,1308,1328]",100,50,1,1f3ca2b652c37e5335306fad976f7b7cd8c46d129213188f3d2fe39e49ff8cba,b4d02ec7cc317332293f873683418fbd60a0f2c8e6ed54a7e933e279fd06c815,5b2cb73d751a23bcfff6ae6252d946cd59f5fe3ac39ac5ec08619bd8b037461c,004cbc50c218839983bcc3713ea6273bc5fd8821ff3fa76f875e285b07bf8feb,SUCCEEDED,,nan
mini,statsforecast,sf-seasonalexponentialsmoothingoptimized,SeasonalExponentialSmoothingOptimized,UNIVARIATE,"{""season_length"":4}","{""season_length"":4}",True,VERIFIED,VERIFIED,,NOT_CAPTURED_BY_UNIFIED_CAMPAIGN,VERIFIED,3.914,23.662,4.864360184032428,0.222,0.2219999999999999,0.0,baseline:fixed,4.096,5.427706698044765,0.18199999999999994,0.5633465140123368,-0.06399999999999997,"[1248,1268,1288,1308,1328]",100,50,1,1f3ca2b652c37e5335306fad976f7b7cd8c46d129213188f3d2fe39e49ff8cba,b4d02ec7cc317332293f873683418fbd60a0f2c8e6ed54a7e933e279fd06c815,5b2cb73d751a23bcfff6ae6252d946cd59f5fe3ac39ac5ec08619bd8b037461c,6e1def10502c8ca1645f086c541f847ffa42fd8b6679eedafee9d3f0760da7ec,SUCCEEDED,,nan
mini,statsforecast,sf-holt,Holt,UNIVARIATE,{},{},True,VERIFIED,VERIFIED,,NOT_CAPTURED_BY_UNIFIED_CAMPAIGN,VERIFIED,3.818,23.262,4.823069562011313,0.232,0.2319999999999999,0.0,baseline:fixed,4.096,5.427706698044765,0.278,0.6046371360334515,-0.053999999999999965,"[1248,1268,1288,1308,1328]",100,50,1,1f3ca2b652c37e5335306fad976f7b7cd8c46d129213188f3d2fe39e49ff8cba,b4d02ec7cc317332293f873683418fbd60a0f2c8e6ed54a7e933e279fd06c815,5b2cb73d751a23bcfff6ae6252d946cd59f5fe3ac39ac5ec08619bd8b037461c,27fd1d750be964d92032fbe8f6168b12adf5f116a9949ad8773aa7b93a73b8d5,SUCCEEDED,,nan
mini,statsforecast,sf-holtwinters,HoltWinters,UNIVARIATE,"{""season_length"":4}","{""season_length"":4}",True,VERIFIED,VERIFIED,,NOT_CAPTURED_BY_UNIFIED_CAMPAIGN,VERIFIED,3.818,23.278,4.824727971606275,0.242,0.242,0.0,baseline:fixed,4.096,5.427706698044765,0.278,0.60297872643849,-0.043999999999999984,"[1248,1268,1288,1308,1328]",100,50,1,1f3ca2b652c37e5335306fad976f7b7cd8c46d129213188f3d2fe39e49ff8cba,b4d02ec7cc317332293f873683418fbd60a0f2c8e6ed54a7e933e279fd06c815,5b2cb73d751a23bcfff6ae6252d946cd59f5fe3ac39ac5ec08619bd8b037461c,f1157e0e7369c63b7dc72837a482bc48884b1981a45e7b8b7e852871ad6f8fbf,SUCCEEDED,,nan
mini,statsforecast,sf-historicaverage,HistoricAverage,UNIVARIATE,{},{},True,VERIFIED,VERIFIED,,NOT_CAPTURED_BY_UNIFIED_CAMPAIGN,VERIFIED,3.792,23.016,4.797499348619028,0.234,0.234,0.0,baseline:fixed,4.096,5.427706698044765,0.30400000000000027,0.6302073494257368,-0.05199999999999996,"[1248,1268,1288,1308,1328]",100,50,1,1f3ca2b652c37e5335306fad976f7b7cd8c46d129213188f3d2fe39e49ff8cba,b4d02ec7cc317332293f873683418fbd60a0f2c8e6ed54a7e933e279fd06c815,5b2cb73d751a23bcfff6ae6252d946cd59f5fe3ac39ac5ec08619bd8b037461c,9c0f9b2a99aaf837a952768a4218cda69a31745805e845818415cbdfde7b8042,SUCCEEDED,,nan
mini,statsforecast,sf-naive,Naive,UNIVARIATE,{},{},True,VERIFIED,VERIFIED,,NOT_CAPTURED_BY_UNIFIED_CAMPAIGN,VERIFIED,5.124,43.54,6.598484674529448,0.208,0.208,0.0,baseline:fixed,4.096,5.427706698044765,-1.0279999999999996,-1.1707779764846835,-0.07799999999999999,"[1248,1268,1288,1308,1328]",100,50,1,1f3ca2b652c37e5335306fad976f7b7cd8c46d129213188f3d2fe39e49ff8cba,b4d02ec7cc317332293f873683418fbd60a0f2c8e6ed54a7e933e279fd06c815,5b2cb73d751a23bcfff6ae6252d946cd59f5fe3ac39ac5ec08619bd8b037461c,7523f883255ed60643a3737d6f515496df4dd7054c58598e381941ff4862453c,SUCCEEDED,,nan
mini,statsforecast,sf-randomwalkwithdrift,RandomWalkWithDrift,UNIVARIATE,{},{},True,VERIFIED,VERIFIED,,NOT_CAPTURED_BY_UNIFIED_CAMPAIGN,VERIFIED,5.124,43.54,6.598484674529448,0.208,0.208,0.0,baseline:fixed,4.096,5.427706698044765,-1.0279999999999996,-1.1707779764846835,-0.07799999999999999,"[1248,1268,1288,1308,1328]",100,50,1,1f3ca2b652c37e5335306fad976f7b7cd8c46d129213188f3d2fe39e49ff8cba,b4d02ec7cc317332293f873683418fbd60a0f2c8e6ed54a7e933e279fd06c815,5b2cb73d751a23bcfff6ae6252d946cd59f5fe3ac39ac5ec08619bd8b037461c,1053b6eed862718c16a15008a6a415831d75ca1e9b9e1013c4c73c31068c3298,SUCCEEDED,,nan
mini,statsforecast,sf-seasonalnaive,SeasonalNaive,UNIVARIATE,"{""season_length"":4}","{""season_length"":4}",True,VERIFIED,VERIFIED,,NOT_CAPTURED_BY_UNIFIED_CAMPAIGN,VERIFIED,5.24,45.788,6.766683087007992,0.22,0.22,0.0,baseline:fixed,4.096,5.427706698044765,-1.1440000000000001,-1.3389763889632276,-0.06599999999999998,"[1248,1268,1288,1308,1328]",100,50,1,1f3ca2b652c37e5335306fad976f7b7cd8c46d129213188f3d2fe39e49ff8cba,b4d02ec7cc317332293f873683418fbd60a0f2c8e6ed54a7e933e279fd06c815,5b2cb73d751a23bcfff6ae6252d946cd59f5fe3ac39ac5ec08619bd8b037461c,21b91768da4ce04e33816a69071cce4cc3d357febcc00f1ec56e111009d65c4e,SUCCEEDED,,nan
mini,statsforecast,sf-conformalseasonalpool,ConformalSeasonalPool,UNIVARIATE,"{""n_samples"":200,""season_length"":4}","{""n_samples"":200,""season_length"":4}",True,VERIFIED,VERIFIED,,NOT_CAPTURED_BY_UNIFIED_CAMPAIGN,VERIFIED,5.24,45.788,6.766683087007992,0.22,0.22,0.0,baseline:fixed,4.096,5.427706698044765,-1.1440000000000001,-1.3389763889632276,-0.06599999999999998,"[1248,1268,1288,1308,1328]",100,50,1,1f3ca2b652c37e5335306fad976f7b7cd8c46d129213188f3d2fe39e49ff8cba,b4d02ec7cc317332293f873683418fbd60a0f2c8e6ed54a7e933e279fd06c815,5b2cb73d751a23bcfff6ae6252d946cd59f5fe3ac39ac5ec08619bd8b037461c,682c6c8c28062166005f05a5b762bd6e055ebe6f0064328946779ca037a9481d,SUCCEEDED,,nan
mini,statsforecast,sf-windowaverage,WindowAverage,UNIVARIATE,"{""window_size"":3}","{""window_size"":3}",True,VERIFIED,VERIFIED,,NOT_CAPTURED_BY_UNIFIED_CAMPAIGN,VERIFIED,4.34,30.176,5.493268608032926,0.218,0.218,0.0,baseline:fixed,4.096,5.427706698044765,-0.24399999999999977,-0.06556190998816103,-0.06799999999999998,"[1248,1268,1288,1308,1328]",100,50,1,1f3ca2b652c37e5335306fad976f7b7cd8c46d129213188f3d2fe39e49ff8cba,b4d02ec7cc317332293f873683418fbd60a0f2c8e6ed54a7e933e279fd06c815,5b2cb73d751a23bcfff6ae6252d946cd59f5fe3ac39ac5ec08619bd8b037461c,42cd551ce5a8dc4545d93112b0b331c84ee8e0fc055b48d190d62ccf911d2150,SUCCEEDED,,nan
mini,statsforecast,sf-seasonalwindowaverage,SeasonalWindowAverage,UNIVARIATE,"{""season_length"":4,""window_size"":2}","{""season_length"":4,""window_size"":2}",True,VERIFIED,VERIFIED,,NOT_CAPTURED_BY_UNIFIED_CAMPAIGN,VERIFIED,4.574,34.47,5.871115737234278,0.244,0.244,0.0,baseline:fixed,4.096,5.427706698044765,-0.47799999999999976,-0.4434090391895129,-0.04199999999999998,"[1248,1268,1288,1308,1328]",100,50,1,1f3ca2b652c37e5335306fad976f7b7cd8c46d129213188f3d2fe39e49ff8cba,b4d02ec7cc317332293f873683418fbd60a0f2c8e6ed54a7e933e279fd06c815,5b2cb73d751a23bcfff6ae6252d946cd59f5fe3ac39ac5ec08619bd8b037461c,8921764bc317a97d6c369c398018d5a48f7aa1242841fd670a97a885f8232486,SUCCEEDED,,nan
mini,statsforecast,sf-adida,ADIDA,UNIVARIATE,{},{},True,VERIFIED,VERIFIED,,NOT_CAPTURED_BY_UNIFIED_CAMPAIGN,VERIFIED,3.796,23.324,4.829492726984896,0.258,0.258,0.01,baseline:fixed,4.096,5.427706698044765,0.30000000000000027,0.5982139710598684,-0.02799999999999997,"[1248,1268,1288,1308,1328]",100,50,1,1f3ca2b652c37e5335306fad976f7b7cd8c46d129213188f3d2fe39e49ff8cba,b4d02ec7cc317332293f873683418fbd60a0f2c8e6ed54a7e933e279fd06c815,5b2cb73d751a23bcfff6ae6252d946cd59f5fe3ac39ac5ec08619bd8b037461c,a7bf3dd745a1ddb3a41ff6b666cc3ada24658cf91ba6a24fff56f62c037883b6,SUCCEEDED,,nan
mini,statsforecast,sf-crostonclassic,CrostonClassic,UNIVARIATE,{},{},True,VERIFIED,VERIFIED,,NOT_CAPTURED_BY_UNIFIED_CAMPAIGN,VERIFIED,3.796,23.324,4.829492726984896,0.258,0.258,0.01,baseline:fixed,4.096,5.427706698044765,0.30000000000000027,0.5982139710598684,-0.02799999999999997,"[1248,1268,1288,1308,1328]",100,50,1,1f3ca2b652c37e5335306fad976f7b7cd8c46d129213188f3d2fe39e49ff8cba,b4d02ec7cc317332293f873683418fbd60a0f2c8e6ed54a7e933e279fd06c815,5b2cb73d751a23bcfff6ae6252d946cd59f5fe3ac39ac5ec08619bd8b037461c,60c581f7190310a39df86e27b2011632c84c1d949d4a4769844060e7b9f7692b,SUCCEEDED,,nan
mini,statsforecast,sf-crostonoptimized,CrostonOptimized,UNIVARIATE,{},{},True,VERIFIED,VERIFIED,,NOT_CAPTURED_BY_UNIFIED_CAMPAIGN,VERIFIED,3.796,23.324,4.829492726984896,0.258,0.258,0.01,baseline:fixed,4.096,5.427706698044765,0.30000000000000027,0.5982139710598684,-0.02799999999999997,"[1248,1268,1288,1308,1328]",100,50,1,1f3ca2b652c37e5335306fad976f7b7cd8c46d129213188f3d2fe39e49ff8cba,b4d02ec7cc317332293f873683418fbd60a0f2c8e6ed54a7e933e279fd06c815,5b2cb73d751a23bcfff6ae6252d946cd59f5fe3ac39ac5ec08619bd8b037461c,77387fc4ac14d6022f62b6d709c1791ee5eeb7d50e6bb5c95827078ad16ce93c,SUCCEEDED,,nan
mini,statsforecast,sf-crostonsba,CrostonSBA,UNIVARIATE,{},{},True,VERIFIED,VERIFIED,,NOT_CAPTURED_BY_UNIFIED_CAMPAIGN,VERIFIED,3.926,24.586,4.958427169980416,0.246,0.246,0.01,baseline:fixed,4.096,5.427706698044765,0.16999999999999993,0.4692795280643489,-0.03999999999999998,"[1248,1268,1288,1308,1328]",100,50,1,1f3ca2b652c37e5335306fad976f7b7cd8c46d129213188f3d2fe39e49ff8cba,b4d02ec7cc317332293f873683418fbd60a0f2c8e6ed54a7e933e279fd06c815,5b2cb73d751a23bcfff6ae6252d946cd59f5fe3ac39ac5ec08619bd8b037461c,c6535115ced9600b260db101730529f7fc825a0949a461d2091a83ce6ecbc93d,SUCCEEDED,,nan
mini,statsforecast,sf-imapa,IMAPA,UNIVARIATE,{},{},True,VERIFIED,VERIFIED,,NOT_CAPTURED_BY_UNIFIED_CAMPAIGN,VERIFIED,3.796,23.324,4.829492726984896,0.258,0.258,0.01,baseline:fixed,4.096,5.427706698044765,0.30000000000000027,0.5982139710598684,-0.02799999999999997,"[1248,1268,1288,1308,1328]",100,50,1,1f3ca2b652c37e5335306fad976f7b7cd8c46d129213188f3d2fe39e49ff8cba,b4d02ec7cc317332293f873683418fbd60a0f2c8e6ed54a7e933e279fd06c815,5b2cb73d751a23bcfff6ae6252d946cd59f5fe3ac39ac5ec08619bd8b037461c,0431cea97a7a6252fd63d7c6ea923f8a487a8399b75233dc114633c5458ee7d7,SUCCEEDED,,nan
mini,statsforecast,sf-tsb,TSB,UNIVARIATE,"{""alpha_d"":0.3,""alpha_p"":0.3}","{""alpha_d"":0.3,""alpha_p"":0.3}",True,VERIFIED,VERIFIED,,NOT_CAPTURED_BY_UNIFIED_CAMPAIGN,VERIFIED,3.968,25.716,5.071094556404958,0.24,0.24,0.01,baseline:fixed,4.096,5.427706698044765,0.1280000000000001,0.3566121416398067,-0.045999999999999985,"[1248,1268,1288,1308,1328]",100,50,1,1f3ca2b652c37e5335306fad976f7b7cd8c46d129213188f3d2fe39e49ff8cba,b4d02ec7cc317332293f873683418fbd60a0f2c8e6ed54a7e933e279fd06c815,5b2cb73d751a23bcfff6ae6252d946cd59f5fe3ac39ac5ec08619bd8b037461c,8a72b2cf612916459eb03317e56f70605d625ace435c76a080e7fdade93b3932,SUCCEEDED,,nan
mini,statsforecast,sf-mstl,MSTL,UNIVARIATE,"{""season_length"":[4]}","{""season_length"":[4]}",True,VERIFIED,VERIFIED,,NOT_CAPTURED_BY_UNIFIED_CAMPAIGN,VERIFIED,4.092,25.816,5.080944794031913,0.214,0.2139999999999999,0.0,baseline:fixed,4.096,5.427706698044765,0.004000000000000448,0.346761904012852,-0.07199999999999998,"[1248,1268,1288,1308,1328]",100,50,1,1f3ca2b652c37e5335306fad976f7b7cd8c46d129213188f3d2fe39e49ff8cba,b4d02ec7cc317332293f873683418fbd60a0f2c8e6ed54a7e933e279fd06c815,5b2cb73d751a23bcfff6ae6252d946cd59f5fe3ac39ac5ec08619bd8b037461c,72ba1a9b767682f5cd90a638eaf73859479f7fd7b280c8f4c14865b5bbe8d3d2,SUCCEEDED,,nan
mini,statsforecast,sf-mfles,MFLES,UNIVARIATE,{},{},True,VERIFIED,VERIFIED,,NOT_CAPTURED_BY_UNIFIED_CAMPAIGN,VERIFIED,4.496,33.44,5.782732917920384,0.216,0.216,0.0,baseline:fixed,4.096,5.427706698044765,-0.40000000000000036,-0.35502621987561955,-0.06999999999999998,"[1248,1268,1288,1308,1328]",100,50,1,1f3ca2b652c37e5335306fad976f7b7cd8c46d129213188f3d2fe39e49ff8cba,b4d02ec7cc317332293f873683418fbd60a0f2c8e6ed54a7e933e279fd06c815,5b2cb73d751a23bcfff6ae6252d946cd59f5fe3ac39ac5ec08619bd8b037461c,3c0d49a36d84ef444c60905454909f9db0f68cd4c5df64c7c83a7a2914019af0,SUCCEEDED,,nan
mini,statsforecast,sf-tbats,TBATS,UNIVARIATE,"{""season_length"":[4]}","{""season_length"":[4]}",True,VERIFIED,VERIFIED,,NOT_CAPTURED_BY_UNIFIED_CAMPAIGN,VERIFIED,3.776,23.64,4.862098312457287,0.25,0.25,0.0,baseline:fixed,4.096,5.427706698044765,0.3200000000000003,0.5656083855874776,-0.035999999999999976,"[1248,1268,1288,1308,1328]",100,50,1,1f3ca2b652c37e5335306fad976f7b7cd8c46d129213188f3d2fe39e49ff8cba,b4d02ec7cc317332293f873683418fbd60a0f2c8e6ed54a7e933e279fd06c815,5b2cb73d751a23bcfff6ae6252d946cd59f5fe3ac39ac5ec08619bd8b037461c,c1c8228aa376c942b0682c9bcff285b846ed82510cf4cfa3ffe57296fddf93e3,SUCCEEDED,,nan
mini,statsforecast,sf-theta,Theta,UNIVARIATE,{},{},True,VERIFIED,VERIFIED,,NOT_CAPTURED_BY_UNIFIED_CAMPAIGN,VERIFIED,3.796,23.324,4.829492726984896,0.258,0.258,0.01,baseline:fixed,4.096,5.427706698044765,0.30000000000000027,0.5982139710598684,-0.02799999999999997,"[1248,1268,1288,1308,1328]",100,50,1,1f3ca2b652c37e5335306fad976f7b7cd8c46d129213188f3d2fe39e49ff8cba,b4d02ec7cc317332293f873683418fbd60a0f2c8e6ed54a7e933e279fd06c815,5b2cb73d751a23bcfff6ae6252d946cd59f5fe3ac39ac5ec08619bd8b037461c,573c29d06bdaa698da8da9fb11dcb7a1fdc27cbd2148ca618adfbcdd519178ea,SUCCEEDED,,nan
mini,statsforecast,sf-optimizedtheta,OptimizedTheta,UNIVARIATE,{},{},True,VERIFIED,VERIFIED,,NOT_CAPTURED_BY_UNIFIED_CAMPAIGN,VERIFIED,3.796,23.324,4.829492726984896,0.258,0.258,0.01,baseline:fixed,4.096,5.427706698044765,0.30000000000000027,0.5982139710598684,-0.02799999999999997,"[1248,1268,1288,1308,1328]",100,50,1,1f3ca2b652c37e5335306fad976f7b7cd8c46d129213188f3d2fe39e49ff8cba,b4d02ec7cc317332293f873683418fbd60a0f2c8e6ed54a7e933e279fd06c815,5b2cb73d751a23bcfff6ae6252d946cd59f5fe3ac39ac5ec08619bd8b037461c,4441983a1b68b16ede36b0ac170cf2554688372aeb1a23d612d3ac89c376e189,SUCCEEDED,,nan
mini,statsforecast,sf-dynamictheta,DynamicTheta,UNIVARIATE,{},{},True,VERIFIED,VERIFIED,,NOT_CAPTURED_BY_UNIFIED_CAMPAIGN,VERIFIED,3.796,23.324,4.829492726984896,0.258,0.258,0.01,baseline:fixed,4.096,5.427706698044765,0.30000000000000027,0.5982139710598684,-0.02799999999999997,"[1248,1268,1288,1308,1328]",100,50,1,1f3ca2b652c37e5335306fad976f7b7cd8c46d129213188f3d2fe39e49ff8cba,b4d02ec7cc317332293f873683418fbd60a0f2c8e6ed54a7e933e279fd06c815,5b2cb73d751a23bcfff6ae6252d946cd59f5fe3ac39ac5ec08619bd8b037461c,8a949f6512843360eae8cdb623addf6c11a3aebc8e8030fd72f63ebafcda6b49,SUCCEEDED,,nan
mini,statsforecast,sf-dynamicoptimizedtheta,DynamicOptimizedTheta,UNIVARIATE,{},{},True,VERIFIED,VERIFIED,,NOT_CAPTURED_BY_UNIFIED_CAMPAIGN,VERIFIED,3.796,23.324,4.829492726984896,0.258,0.258,0.01,baseline:fixed,4.096,5.427706698044765,0.30000000000000027,0.5982139710598684,-0.02799999999999997,"[1248,1268,1288,1308,1328]",100,50,1,1f3ca2b652c37e5335306fad976f7b7cd8c46d129213188f3d2fe39e49ff8cba,b4d02ec7cc317332293f873683418fbd60a0f2c8e6ed54a7e933e279fd06c815,5b2cb73d751a23bcfff6ae6252d946cd59f5fe3ac39ac5ec08619bd8b037461c,6d48d04493b884b3994a80cd96055eacbf6dcd0c956f12f633b0f817c4e692bc,SUCCEEDED,,nan
mini,statsforecast,sf-garch,GARCH,UNIVARIATE,{},{},True,VERIFIED,VERIFIED,,NOT_CAPTURED_BY_UNIFIED_CAMPAIGN,VERIFIED,8.944,117.696,10.84877873311093,0.1,0.1,0.0,baseline:fixed,4.096,5.427706698044765,-4.848000000000001,-5.421072035066165,-0.18599999999999997,"[1248,1268,1288,1308,1328]",100,50,1,1f3ca2b652c37e5335306fad976f7b7cd8c46d129213188f3d2fe39e49ff8cba,b4d02ec7cc317332293f873683418fbd60a0f2c8e6ed54a7e933e279fd06c815,5b2cb73d751a23bcfff6ae6252d946cd59f5fe3ac39ac5ec08619bd8b037461c,41581d09df0d03256742f0cdc2c02275cffd94a5c406961101c08659d969db97,SUCCEEDED,,nan
mini,statsforecast,sf-arch,ARCH,UNIVARIATE,{},{},True,VERIFIED,VERIFIED,,NOT_CAPTURED_BY_UNIFIED_CAMPAIGN,VERIFIED,8.944,117.696,10.84877873311093,0.1,0.1,0.0,baseline:fixed,4.096,5.427706698044765,-4.848000000000001,-5.421072035066165,-0.18599999999999997,"[1248,1268,1288,1308,1328]",100,50,1,1f3ca2b652c37e5335306fad976f7b7cd8c46d129213188f3d2fe39e49ff8cba,b4d02ec7cc317332293f873683418fbd60a0f2c8e6ed54a7e933e279fd06c815,5b2cb73d751a23bcfff6ae6252d946cd59f5fe3ac39ac5ec08619bd8b037461c,63e98408c951747ae5d6c944d679f6b5cc50956b79acc9fe2b5006dd5562c1dd,SUCCEEDED,,nan
mini,statsforecast,sf-sklearnmodel,SklearnModel,EXOGENOUS,"{""model"":{""class"":""sklearn.linear_model._base.LinearRegression"",""params"":{""copy_X"":true,""fit_intercept"":true,""n_jobs"":null,""positive"":false,""tol"":1e-06}}}","{""model"":{""class"":""sklearn.linear_model._base.LinearRegression"",""params"":{""copy_X"":true,""fit_intercept"":true,""n_jobs"":null,""positive"":false,""tol"":1e-06}}}",True,VERIFIED,VERIFIED,,NOT_CAPTURED_BY_UNIFIED_CAMPAIGN,NOT_APPLICABLE_UNIVARIATE,,,,,,,baseline:fixed,4.096,5.427706698044765,,,,"[1248,1268,1288,1308,1328]",100,50,1,1f3ca2b652c37e5335306fad976f7b7cd8c46d129213188f3d2fe39e49ff8cba,b4d02ec7cc317332293f873683418fbd60a0f2c8e6ed54a7e933e279fd06c815,5b2cb73d751a23bcfff6ae6252d946cd59f5fe3ac39ac5ec08619bd8b037461c,,EXOGENOUS_EVALUATION_DEFERRED,StatsForecast runtime exception,primary univariate development protocol does not supply exogenous X_df
mini,statsforecast,sf-constantmodel,ConstantModel,UNIVARIATE,"{""constant"":1.0}","{""constant"":1.0}",True,VERIFIED,VERIFIED,,NOT_CAPTURED_BY_UNIFIED_CAMPAIGN,VERIFIED,13.488,243.552,15.606152632856055,0.064,0.064,0.0,baseline:fixed,4.096,5.427706698044765,-9.392,-10.17844593481129,-0.22199999999999998,"[1248,1268,1288,1308,1328]",100,50,1,1f3ca2b652c37e5335306fad976f7b7cd8c46d129213188f3d2fe39e49ff8cba,b4d02ec7cc317332293f873683418fbd60a0f2c8e6ed54a7e933e279fd06c815,5b2cb73d751a23bcfff6ae6252d946cd59f5fe3ac39ac5ec08619bd8b037461c,564199ca94a3b0be6fd984a59ef63c92d6df01dba087b58c40b5ca8738d17335,SUCCEEDED,,nan
mini,statsforecast,sf-zeromodel,ZeroModel,UNIVARIATE,{},{},True,VERIFIED,VERIFIED,,NOT_CAPTURED_BY_UNIFIED_CAMPAIGN,VERIFIED,13.488,243.552,15.606152632856055,0.064,0.064,0.0,baseline:fixed,4.096,5.427706698044765,-9.392,-10.17844593481129,-0.22199999999999998,"[1248,1268,1288,1308,1328]",100,50,1,1f3ca2b652c37e5335306fad976f7b7cd8c46d129213188f3d2fe39e49ff8cba,b4d02ec7cc317332293f873683418fbd60a0f2c8e6ed54a7e933e279fd06c815,5b2cb73d751a23bcfff6ae6252d946cd59f5fe3ac39ac5ec08619bd8b037461c,1101c8ad219cda51138013e1d81f7fc2f49e7a898124cb00706151d4a2db7468,SUCCEEDED,,nan
mini,statsforecast,sf-nanmodel,NaNModel,EXPECTED_NEGATIVE_CONTROL,{},{},True,EXPECTED_NEGATIVE_CONTROL,EXPECTED_NOT_APPLICABLE,,NOT_CAPTURED_BY_UNIFIED_CAMPAIGN,EXPECTED_NEGATIVE_CONTROL,,,,,,,baseline:fixed,4.096,5.427706698044765,,,,"[1248,1268,1288,1308,1328]",100,50,1,1f3ca2b652c37e5335306fad976f7b7cd8c46d129213188f3d2fe39e49ff8cba,b4d02ec7cc317332293f873683418fbd60a0f2c8e6ed54a7e933e279fd06c815,5b2cb73d751a23bcfff6ae6252d946cd59f5fe3ac39ac5ec08619bd8b037461c,,EXPECTED_NEGATIVE_CONTROL,numeric instability,NaNModel is retained as the expected negative control and excluded from ranking
mini,statsforecast,sf-ucm,UCM,UNIVARIATE,{},{},True,VERIFIED,VERIFIED,,NOT_CAPTURED_BY_UNIFIED_CAMPAIGN,VERIFIED,3.794,23.054,4.801458111865602,0.24,0.24,0.0,baseline:fixed,4.096,5.427706698044765,0.30200000000000005,0.6262485861791625,-0.045999999999999985,"[1248,1268,1288,1308,1328]",100,50,1,1f3ca2b652c37e5335306fad976f7b7cd8c46d129213188f3d2fe39e49ff8cba,b4d02ec7cc317332293f873683418fbd60a0f2c8e6ed54a7e933e279fd06c815,5b2cb73d751a23bcfff6ae6252d946cd59f5fe3ac39ac5ec08619bd8b037461c,0f9745a5fbed5e1cfa8ff22d75ff8b549c8c12e5235d12a4ec596dbf28b957be,SUCCEEDED,,nan
numbers3,statsforecast,sf-autoarima,AutoARIMA,UNIVARIATE,{},{},True,VERIFIED,VERIFIED,,NOT_CAPTURED_BY_UNIFIED_CAMPAIGN,VERIFIED,2.566666666666667,8.746666666666666,2.9574764017091777,0.2533333333333333,0.2533333333333333,0.0,baseline:random,3.2,3.9841352052024206,0.6333333333333333,1.026658803493243,-0.0733333333333333,"[6895,6915,6935,6955,6975]",100,50,1,d0d169d6af09fa6207585c48b653d8a96235c4e73a79081e3b3fd5d3d879f172,fcc7305194a0cfeb954b07808b082e18be2233f335658f9a15309d68b6eeadac,f27ab776c1973cea6a57bf77044076da1a3777c937237c89e3dcdd4450fa1ef1,53e6a79e025f7917b76f537fef5b00edb29a5784240ff59ad1255edd98d9012b,SUCCEEDED,,nan
numbers3,statsforecast,sf-autoets,AutoETS,UNIVARIATE,"{""season_length"":4}","{""season_length"":4}",True,VERIFIED,VERIFIED,,NOT_CAPTURED_BY_UNIFIED_CAMPAIGN,VERIFIED,2.553333333333333,8.793333333333333,2.965355515504563,0.2766666666666666,0.2766666666666666,0.0,baseline:random,3.2,3.9841352052024206,0.6466666666666674,1.0187796896978574,-0.04999999999999999,"[6895,6915,6935,6955,6975]",100,50,1,d0d169d6af09fa6207585c48b653d8a96235c4e73a79081e3b3fd5d3d879f172,fcc7305194a0cfeb954b07808b082e18be2233f335658f9a15309d68b6eeadac,f27ab776c1973cea6a57bf77044076da1a3777c937237c89e3dcdd4450fa1ef1,2ec9d446e124ff30b6b2f208728f3288cd2929c91ec43b2e968a8d4d45df5aab,SUCCEEDED,,nan
numbers3,statsforecast,sf-autoces,AutoCES,UNIVARIATE,"{""season_length"":4}","{""season_length"":4}",True,VERIFIED,VERIFIED,,NOT_CAPTURED_BY_UNIFIED_CAMPAIGN,VERIFIED,2.526666666666667,8.66,2.9427877939124323,0.3,0.3,0.02,baseline:random,3.2,3.9841352052024206,0.6733333333333333,1.0413474112899883,-0.026666666666666616,"[6895,6915,6935,6955,6975]",100,50,1,d0d169d6af09fa6207585c48b653d8a96235c4e73a79081e3b3fd5d3d879f172,fcc7305194a0cfeb954b07808b082e18be2233f335658f9a15309d68b6eeadac,f27ab776c1973cea6a57bf77044076da1a3777c937237c89e3dcdd4450fa1ef1,045120dbbe70c1a56d6aa3083c28b8310373ce7418e1ed7372d541e3afc101da,SUCCEEDED,,nan
numbers3,statsforecast,sf-autotheta,AutoTheta,UNIVARIATE,{},{},True,VERIFIED,VERIFIED,,NOT_CAPTURED_BY_UNIFIED_CAMPAIGN,VERIFIED,2.526666666666667,8.706666666666667,2.9507061301774304,0.2966666666666667,0.2966666666666667,0.0,baseline:random,3.2,3.9841352052024206,0.6733333333333333,1.0334290750249902,-0.029999999999999916,"[6895,6915,6935,6955,6975]",100,50,1,d0d169d6af09fa6207585c48b653d8a96235c4e73a79081e3b3fd5d3d879f172,fcc7305194a0cfeb954b07808b082e18be2233f335658f9a15309d68b6eeadac,f27ab776c1973cea6a57bf77044076da1a3777c937237c89e3dcdd4450fa1ef1,e207af5755f22f4f7b75335d1aa31265837d6563510fe025984b35ce7946a56e,SUCCEEDED,,nan
numbers3,statsforecast,sf-automfles,AutoMFLES,UNIVARIATE,"{""n_windows"":2,""season_length"":[4],""test_size"":4}","{""n_windows"":2,""season_length"":[4],""test_size"":4}",True,VERIFIED,VERIFIED,,NOT_CAPTURED_BY_UNIFIED_CAMPAIGN,VERIFIED,2.63,10.21,3.195309061734092,0.3233333333333333,0.3233333333333333,0.07,baseline:random,3.2,3.9841352052024206,0.5700000000000003,0.7888261434683286,-0.0033333333333332993,"[6895,6915,6935,6955,6975]",100,50,1,d0d169d6af09fa6207585c48b653d8a96235c4e73a79081e3b3fd5d3d879f172,fcc7305194a0cfeb954b07808b082e18be2233f335658f9a15309d68b6eeadac,f27ab776c1973cea6a57bf77044076da1a3777c937237c89e3dcdd4450fa1ef1,233e7b680c33191f6f6a5605e5606e452ee059cbe516c44d031d5c605fbea200,SUCCEEDED,,nan
numbers3,statsforecast,sf-autotbats,AutoTBATS,UNIVARIATE,"{""season_length"":[4]}","{""season_length"":[4]}",True,VERIFIED,VERIFIED,,NOT_CAPTURED_BY_UNIFIED_CAMPAIGN,VERIFIED,2.523333333333333,8.55,2.924038303442689,0.2833333333333333,0.2833333333333334,0.02,baseline:random,3.2,3.9841352052024206,0.6766666666666672,1.0600969017597315,-0.04333333333333328,"[6895,6915,6935,6955,6975]",100,50,1,d0d169d6af09fa6207585c48b653d8a96235c4e73a79081e3b3fd5d3d879f172,fcc7305194a0cfeb954b07808b082e18be2233f335658f9a15309d68b6eeadac,f27ab776c1973cea6a57bf77044076da1a3777c937237c89e3dcdd4450fa1ef1,0f0eed3001296937c42a22f559ccdd6b967be731a2b3bb43e47ae8314eb4cc23,SUCCEEDED,,nan
numbers3,statsforecast,sf-arima,ARIMA,UNIVARIATE,"{""order"":[1,0,0]}","{""order"":[1,0,0]}",True,VERIFIED,VERIFIED,,NOT_CAPTURED_BY_UNIFIED_CAMPAIGN,VERIFIED,2.5866666666666664,8.813333333333333,2.968725877094976,0.24,0.24,0.0,baseline:random,3.2,3.9841352052024206,0.6133333333333337,1.0154093281074448,-0.08666666666666661,"[6895,6915,6935,6955,6975]",100,50,1,d0d169d6af09fa6207585c48b653d8a96235c4e73a79081e3b3fd5d3d879f172,fcc7305194a0cfeb954b07808b082e18be2233f335658f9a15309d68b6eeadac,f27ab776c1973cea6a57bf77044076da1a3777c937237c89e3dcdd4450fa1ef1,fe09285f97caa03fa4272f4d6ded4814a026486e4c4853cfceed5e008d027b63,SUCCEEDED,,nan
numbers3,statsforecast,sf-autoregressive,AutoRegressive,UNIVARIATE,"{""lags"":1}","{""lags"":{""fixed"":null,""order"":[1,0,0]}}",True,VERIFIED,VERIFIED,,NOT_CAPTURED_BY_UNIFIED_CAMPAIGN,VERIFIED,2.5866666666666664,8.813333333333333,2.968725877094976,0.24,0.24,0.0,baseline:random,3.2,3.9841352052024206,0.6133333333333337,1.0154093281074448,-0.08666666666666661,"[6895,6915,6935,6955,6975]",100,50,1,d0d169d6af09fa6207585c48b653d8a96235c4e73a79081e3b3fd5d3d879f172,fcc7305194a0cfeb954b07808b082e18be2233f335658f9a15309d68b6eeadac,f27ab776c1973cea6a57bf77044076da1a3777c937237c89e3dcdd4450fa1ef1,4302807a8bc8f983b91fb384689e9957b0308dffca1308481414e83a09e4c6f4,SUCCEEDED,,nan
numbers3,statsforecast,sf-simpleexponentialsmoothing,SimpleExponentialSmoothing,UNIVARIATE,"{""alpha"":0.3}","{""alpha"":0.3}",True,VERIFIED,VERIFIED,,NOT_CAPTURED_BY_UNIFIED_CAMPAIGN,VERIFIED,2.6166666666666667,9.736666666666666,3.1203632267200345,0.2966666666666667,0.2966666666666667,0.02,baseline:random,3.2,3.9841352052024206,0.5833333333333335,0.8637719784823861,-0.029999999999999916,"[6895,6915,6935,6955,6975]",100,50,1,d0d169d6af09fa6207585c48b653d8a96235c4e73a79081e3b3fd5d3d879f172,fcc7305194a0cfeb954b07808b082e18be2233f335658f9a15309d68b6eeadac,f27ab776c1973cea6a57bf77044076da1a3777c937237c89e3dcdd4450fa1ef1,637b52e2f25c9246a87fd37d0fda0b098772bc6ea8fe5d1932b6d8f2f22da111,SUCCEEDED,,nan
numbers3,statsforecast,sf-simpleexponentialsmoothingoptimized,SimpleExponentialSmoothingOptimized,UNIVARIATE,{},{},True,VERIFIED,VERIFIED,,NOT_CAPTURED_BY_UNIFIED_CAMPAIGN,VERIFIED,2.6,8.886666666666667,2.9810512687081827,0.2533333333333333,0.2533333333333333,0.0,baseline:random,3.2,3.9841352052024206,0.6000000000000001,1.0030839364942379,-0.0733333333333333,"[6895,6915,6935,6955,6975]",100,50,1,d0d169d6af09fa6207585c48b653d8a96235c4e73a79081e3b3fd5d3d879f172,fcc7305194a0cfeb954b07808b082e18be2233f335658f9a15309d68b6eeadac,f27ab776c1973cea6a57bf77044076da1a3777c937237c89e3dcdd4450fa1ef1,81f7797eee307abdee6741d35dc2753b48b68f7c1c6c455f13c943a3862e3200,SUCCEEDED,,nan
numbers3,statsforecast,sf-seasonalexponentialsmoothing,SeasonalExponentialSmoothing,UNIVARIATE,"{""alpha"":0.3,""season_length"":4}","{""alpha"":0.3,""season_length"":4}",True,VERIFIED,VERIFIED,,NOT_CAPTURED_BY_UNIFIED_CAMPAIGN,VERIFIED,2.69,10.07,3.1733263305244863,0.27,0.27,0.01,baseline:random,3.2,3.9841352052024206,0.5100000000000002,0.8108088746779343,-0.05666666666666659,"[6895,6915,6935,6955,6975]",100,50,1,d0d169d6af09fa6207585c48b653d8a96235c4e73a79081e3b3fd5d3d879f172,fcc7305194a0cfeb954b07808b082e18be2233f335658f9a15309d68b6eeadac,f27ab776c1973cea6a57bf77044076da1a3777c937237c89e3dcdd4450fa1ef1,1c49346ae419df402602bb92217fa8f2574aed35c26b7ded8c915808c21f1aa5,SUCCEEDED,,nan
numbers3,statsforecast,sf-seasonalexponentialsmoothingoptimized,SeasonalExponentialSmoothingOptimized,UNIVARIATE,"{""season_length"":4}","{""season_length"":4}",True,VERIFIED,VERIFIED,,NOT_CAPTURED_BY_UNIFIED_CAMPAIGN,VERIFIED,2.566666666666667,8.82,2.9698484809834995,0.2933333333333333,0.2933333333333334,0.01,baseline:random,3.2,3.9841352052024206,0.6333333333333333,1.014286724218921,-0.033333333333333326,"[6895,6915,6935,6955,6975]",100,50,1,d0d169d6af09fa6207585c48b653d8a96235c4e73a79081e3b3fd5d3d879f172,fcc7305194a0cfeb954b07808b082e18be2233f335658f9a15309d68b6eeadac,f27ab776c1973cea6a57bf77044076da1a3777c937237c89e3dcdd4450fa1ef1,87803f747bc20126d0f2cb77943188f9122f6e82cad3b9c0a52a286daf9a25c3,SUCCEEDED,,nan
numbers3,statsforecast,sf-holt,Holt,UNIVARIATE,{},{},True,VERIFIED,VERIFIED,,NOT_CAPTURED_BY_UNIFIED_CAMPAIGN,VERIFIED,2.563333333333333,8.87,2.9782545223670858,0.2666666666666666,0.2666666666666666,0.0,baseline:random,3.2,3.9841352052024206,0.6366666666666672,1.0058806828353348,-0.06,"[6895,6915,6935,6955,6975]",100,50,1,d0d169d6af09fa6207585c48b653d8a96235c4e73a79081e3b3fd5d3d879f172,fcc7305194a0cfeb954b07808b082e18be2233f335658f9a15309d68b6eeadac,f27ab776c1973cea6a57bf77044076da1a3777c937237c89e3dcdd4450fa1ef1,2af7be8c6047e6df687c3abed64356e6eb92a0c725bc04fb2eb003bf012ec219,SUCCEEDED,,nan
numbers3,statsforecast,sf-holtwinters,HoltWinters,UNIVARIATE,"{""season_length"":4}","{""season_length"":4}",True,VERIFIED,VERIFIED,,NOT_CAPTURED_BY_UNIFIED_CAMPAIGN,VERIFIED,2.533333333333333,8.713333333333333,2.951835587110728,0.3066666666666666,0.3066666666666667,0.02,baseline:random,3.2,3.9841352052024206,0.666666666666667,1.0322996180916926,-0.020000000000000018,"[6895,6915,6935,6955,6975]",100,50,1,d0d169d6af09fa6207585c48b653d8a96235c4e73a79081e3b3fd5d3d879f172,fcc7305194a0cfeb954b07808b082e18be2233f335658f9a15309d68b6eeadac,f27ab776c1973cea6a57bf77044076da1a3777c937237c89e3dcdd4450fa1ef1,8d0971cf2b5bc85e4d36af452d864429e3e66290af2819c6dd3de719c9ab7a2c,SUCCEEDED,,nan
numbers3,statsforecast,sf-historicaverage,HistoricAverage,UNIVARIATE,{},{},True,VERIFIED,VERIFIED,,NOT_CAPTURED_BY_UNIFIED_CAMPAIGN,VERIFIED,2.553333333333333,8.793333333333333,2.965355515504563,0.2766666666666666,0.2766666666666666,0.0,baseline:random,3.2,3.9841352052024206,0.6466666666666674,1.0187796896978574,-0.04999999999999999,"[6895,6915,6935,6955,6975]",100,50,1,d0d169d6af09fa6207585c48b653d8a96235c4e73a79081e3b3fd5d3d879f172,fcc7305194a0cfeb954b07808b082e18be2233f335658f9a15309d68b6eeadac,f27ab776c1973cea6a57bf77044076da1a3777c937237c89e3dcdd4450fa1ef1,514a8c1168e464173974c149058df8cac1310f3fa9fa01dd83d60af02a8ae278,SUCCEEDED,,nan
numbers3,statsforecast,sf-naive,Naive,UNIVARIATE,{},{},True,VERIFIED,VERIFIED,,NOT_CAPTURED_BY_UNIFIED_CAMPAIGN,VERIFIED,3.1966666666666668,16.403333333333332,4.0501028793517495,0.3166666666666666,0.3166666666666666,0.02,baseline:random,3.2,3.9841352052024206,0.0033333333333334103,-0.06596767414932891,-0.010000000000000009,"[6895,6915,6935,6955,6975]",100,50,1,d0d169d6af09fa6207585c48b653d8a96235c4e73a79081e3b3fd5d3d879f172,fcc7305194a0cfeb954b07808b082e18be2233f335658f9a15309d68b6eeadac,f27ab776c1973cea6a57bf77044076da1a3777c937237c89e3dcdd4450fa1ef1,fd41c9827d4146d686bd37f7e7d465dc68d87b08fc82515a2ec9edf2c21e467f,SUCCEEDED,,nan
numbers3,statsforecast,sf-randomwalkwithdrift,RandomWalkWithDrift,UNIVARIATE,{},{},True,VERIFIED,VERIFIED,,NOT_CAPTURED_BY_UNIFIED_CAMPAIGN,VERIFIED,3.1966666666666668,16.403333333333332,4.0501028793517495,0.3166666666666666,0.3166666666666666,0.02,baseline:random,3.2,3.9841352052024206,0.0033333333333334103,-0.06596767414932891,-0.010000000000000009,"[6895,6915,6935,6955,6975]",100,50,1,d0d169d6af09fa6207585c48b653d8a96235c4e73a79081e3b3fd5d3d879f172,fcc7305194a0cfeb954b07808b082e18be2233f335658f9a15309d68b6eeadac,f27ab776c1973cea6a57bf77044076da1a3777c937237c89e3dcdd4450fa1ef1,22949c37acb4cf778535c7bd0771beacdd7d3a25160119a2ce31f5cfa4271078,SUCCEEDED,,nan
numbers3,statsforecast,sf-seasonalnaive,SeasonalNaive,UNIVARIATE,"{""season_length"":4}","{""season_length"":4}",True,VERIFIED,VERIFIED,,NOT_CAPTURED_BY_UNIFIED_CAMPAIGN,VERIFIED,3.32,16.573333333333334,4.071035904205874,0.2866666666666667,0.2866666666666667,0.0,baseline:random,3.2,3.9841352052024206,-0.11999999999999966,-0.08690069900345332,-0.039999999999999925,"[6895,6915,6935,6955,6975]",100,50,1,d0d169d6af09fa6207585c48b653d8a96235c4e73a79081e3b3fd5d3d879f172,fcc7305194a0cfeb954b07808b082e18be2233f335658f9a15309d68b6eeadac,f27ab776c1973cea6a57bf77044076da1a3777c937237c89e3dcdd4450fa1ef1,b6c943302988d1bf9bf957957b05001f60fc75b5ca89b6d792e1f090d474abb3,SUCCEEDED,,nan
numbers3,statsforecast,sf-conformalseasonalpool,ConformalSeasonalPool,UNIVARIATE,"{""n_samples"":200,""season_length"":4}","{""n_samples"":200,""season_length"":4}",True,VERIFIED,VERIFIED,,NOT_CAPTURED_BY_UNIFIED_CAMPAIGN,VERIFIED,3.32,16.573333333333334,4.071035904205874,0.2866666666666667,0.2866666666666667,0.0,baseline:random,3.2,3.9841352052024206,-0.11999999999999966,-0.08690069900345332,-0.039999999999999925,"[6895,6915,6935,6955,6975]",100,50,1,d0d169d6af09fa6207585c48b653d8a96235c4e73a79081e3b3fd5d3d879f172,fcc7305194a0cfeb954b07808b082e18be2233f335658f9a15309d68b6eeadac,f27ab776c1973cea6a57bf77044076da1a3777c937237c89e3dcdd4450fa1ef1,e810db4187c87b886e1a3ba8cc7fb9acbc29fa41dc68d0204ca41af013da5f34,SUCCEEDED,,nan
numbers3,statsforecast,sf-windowaverage,WindowAverage,UNIVARIATE,"{""window_size"":3}","{""window_size"":3}",True,VERIFIED,VERIFIED,,NOT_CAPTURED_BY_UNIFIED_CAMPAIGN,VERIFIED,2.74,10.806666666666668,3.287349489583769,0.31,0.31,0.03,baseline:random,3.2,3.9841352052024206,0.45999999999999996,0.6967857156186517,-0.016666666666666607,"[6895,6915,6935,6955,6975]",100,50,1,d0d169d6af09fa6207585c48b653d8a96235c4e73a79081e3b3fd5d3d879f172,fcc7305194a0cfeb954b07808b082e18be2233f335658f9a15309d68b6eeadac,f27ab776c1973cea6a57bf77044076da1a3777c937237c89e3dcdd4450fa1ef1,193c78b1ca40233f1ea26a843a08de3e806680bebcfc31523b1f162a1fa0ca00,SUCCEEDED,,nan
numbers3,statsforecast,sf-seasonalwindowaverage,SeasonalWindowAverage,UNIVARIATE,"{""season_length"":4,""window_size"":2}","{""season_length"":4,""window_size"":2}",True,VERIFIED,VERIFIED,,NOT_CAPTURED_BY_UNIFIED_CAMPAIGN,VERIFIED,2.9433333333333334,12.563333333333333,3.5444792753426184,0.2733333333333333,0.2733333333333334,0.04,baseline:random,3.2,3.9841352052024206,0.2566666666666668,0.4396559298598022,-0.05333333333333329,"[6895,6915,6935,6955,6975]",100,50,1,d0d169d6af09fa6207585c48b653d8a96235c4e73a79081e3b3fd5d3d879f172,fcc7305194a0cfeb954b07808b082e18be2233f335658f9a15309d68b6eeadac,f27ab776c1973cea6a57bf77044076da1a3777c937237c89e3dcdd4450fa1ef1,71c26d519e77d6ddd8c10ff07761edc5a3d8e47f7b2832746225e8d514bb3733,SUCCEEDED,,nan
numbers3,statsforecast,sf-adida,ADIDA,UNIVARIATE,{},{},True,VERIFIED,VERIFIED,,NOT_CAPTURED_BY_UNIFIED_CAMPAIGN,VERIFIED,2.526666666666667,8.706666666666667,2.9507061301774304,0.2966666666666667,0.2966666666666667,0.0,baseline:random,3.2,3.9841352052024206,0.6733333333333333,1.0334290750249902,-0.029999999999999916,"[6895,6915,6935,6955,6975]",100,50,1,d0d169d6af09fa6207585c48b653d8a96235c4e73a79081e3b3fd5d3d879f172,fcc7305194a0cfeb954b07808b082e18be2233f335658f9a15309d68b6eeadac,f27ab776c1973cea6a57bf77044076da1a3777c937237c89e3dcdd4450fa1ef1,eed0a4e8f67a7950b49cffcd37845cdb3170bfa2f13802c9d341d00e0049d432,SUCCEEDED,,nan
numbers3,statsforecast,sf-crostonclassic,CrostonClassic,UNIVARIATE,{},{},True,VERIFIED,VERIFIED,,NOT_CAPTURED_BY_UNIFIED_CAMPAIGN,VERIFIED,2.546666666666667,8.846666666666666,2.9743346594938957,0.2966666666666667,0.2966666666666667,0.0,baseline:random,3.2,3.9841352052024206,0.6533333333333333,1.0098005457085248,-0.029999999999999916,"[6895,6915,6935,6955,6975]",100,50,1,d0d169d6af09fa6207585c48b653d8a96235c4e73a79081e3b3fd5d3d879f172,fcc7305194a0cfeb954b07808b082e18be2233f335658f9a15309d68b6eeadac,f27ab776c1973cea6a57bf77044076da1a3777c937237c89e3dcdd4450fa1ef1,a4d3057021bf4d973775be45e41bb2dc9f701491024d724090c2608683231c5c,SUCCEEDED,,nan
numbers3,statsforecast,sf-crostonoptimized,CrostonOptimized,UNIVARIATE,{},{},True,VERIFIED,VERIFIED,,NOT_CAPTURED_BY_UNIFIED_CAMPAIGN,VERIFIED,2.546666666666667,8.846666666666666,2.9743346594938957,0.2966666666666667,0.2966666666666667,0.0,baseline:random,3.2,3.9841352052024206,0.6533333333333333,1.0098005457085248,-0.029999999999999916,"[6895,6915,6935,6955,6975]",100,50,1,d0d169d6af09fa6207585c48b653d8a96235c4e73a79081e3b3fd5d3d879f172,fcc7305194a0cfeb954b07808b082e18be2233f335658f9a15309d68b6eeadac,f27ab776c1973cea6a57bf77044076da1a3777c937237c89e3dcdd4450fa1ef1,c8f2c18a400d04a82f10ef029c27f8b812b2b13aa270dd9aa1ebd03f27eeb97a,SUCCEEDED,,nan
numbers3,statsforecast,sf-crostonsba,CrostonSBA,UNIVARIATE,{},{},True,VERIFIED,VERIFIED,,NOT_CAPTURED_BY_UNIFIED_CAMPAIGN,VERIFIED,2.553333333333333,8.98,2.9966648127543394,0.3133333333333333,0.3133333333333333,0.01,baseline:random,3.2,3.9841352052024206,0.6466666666666674,0.9874703924480812,-0.013333333333333308,"[6895,6915,6935,6955,6975]",100,50,1,d0d169d6af09fa6207585c48b653d8a96235c4e73a79081e3b3fd5d3d879f172,fcc7305194a0cfeb954b07808b082e18be2233f335658f9a15309d68b6eeadac,f27ab776c1973cea6a57bf77044076da1a3777c937237c89e3dcdd4450fa1ef1,03c9a742c9554ed00319afcbd3fa0a271d28bccb360c01f13ca66d605d2e7aab,SUCCEEDED,,nan
numbers3,statsforecast,sf-imapa,IMAPA,UNIVARIATE,{},{},True,VERIFIED,VERIFIED,,NOT_CAPTURED_BY_UNIFIED_CAMPAIGN,VERIFIED,2.526666666666667,8.706666666666667,2.9507061301774304,0.2966666666666667,0.2966666666666667,0.0,baseline:random,3.2,3.9841352052024206,0.6733333333333333,1.0334290750249902,-0.029999999999999916,"[6895,6915,6935,6955,6975]",100,50,1,d0d169d6af09fa6207585c48b653d8a96235c4e73a79081e3b3fd5d3d879f172,fcc7305194a0cfeb954b07808b082e18be2233f335658f9a15309d68b6eeadac,f27ab776c1973cea6a57bf77044076da1a3777c937237c89e3dcdd4450fa1ef1,5b7eb9c95608afc26e08752bec9f6d7299dc827ef38df7f56a16d1231d4808ec,SUCCEEDED,,nan
numbers3,statsforecast,sf-tsb,TSB,UNIVARIATE,"{""alpha_d"":0.3,""alpha_p"":0.3}","{""alpha_d"":0.3,""alpha_p"":0.3}",True,VERIFIED,VERIFIED,,NOT_CAPTURED_BY_UNIFIED_CAMPAIGN,VERIFIED,2.6066666666666665,9.72,3.117691453623979,0.2933333333333333,0.2933333333333333,0.03,baseline:random,3.2,3.9841352052024206,0.5933333333333337,0.8664437515784416,-0.033333333333333326,"[6895,6915,6935,6955,6975]",100,50,1,d0d169d6af09fa6207585c48b653d8a96235c4e73a79081e3b3fd5d3d879f172,fcc7305194a0cfeb954b07808b082e18be2233f335658f9a15309d68b6eeadac,f27ab776c1973cea6a57bf77044076da1a3777c937237c89e3dcdd4450fa1ef1,2099675fbb5b07caf712dc3a1470a74c10fc6b45d48537848edf7897185be02d,SUCCEEDED,,nan
numbers3,statsforecast,sf-mstl,MSTL,UNIVARIATE,"{""season_length"":[4]}","{""season_length"":[4]}",True,VERIFIED,VERIFIED,,NOT_CAPTURED_BY_UNIFIED_CAMPAIGN,VERIFIED,2.6566666666666667,9.376666666666669,3.062134331910778,0.2733333333333333,0.2733333333333334,0.04,baseline:random,3.2,3.9841352052024206,0.5433333333333334,0.9220008732916427,-0.05333333333333329,"[6895,6915,6935,6955,6975]",100,50,1,d0d169d6af09fa6207585c48b653d8a96235c4e73a79081e3b3fd5d3d879f172,fcc7305194a0cfeb954b07808b082e18be2233f335658f9a15309d68b6eeadac,f27ab776c1973cea6a57bf77044076da1a3777c937237c89e3dcdd4450fa1ef1,856fdecb8cdfe33149bd02beb3c88781b751c489a498e432ec3c0c3f63852c87,SUCCEEDED,,nan
numbers3,statsforecast,sf-mfles,MFLES,UNIVARIATE,{},{},True,VERIFIED,VERIFIED,,NOT_CAPTURED_BY_UNIFIED_CAMPAIGN,VERIFIED,2.783333333333333,11.716666666666669,3.4229616805723477,0.31,0.31,0.0,baseline:random,3.2,3.9841352052024206,0.41666666666666696,0.5611735246300729,-0.016666666666666607,"[6895,6915,6935,6955,6975]",100,50,1,d0d169d6af09fa6207585c48b653d8a96235c4e73a79081e3b3fd5d3d879f172,fcc7305194a0cfeb954b07808b082e18be2233f335658f9a15309d68b6eeadac,f27ab776c1973cea6a57bf77044076da1a3777c937237c89e3dcdd4450fa1ef1,45591c9cca0f431ccf9278493f48e360e59b6b33e7b8de793a8fdff5651f25b5,SUCCEEDED,,nan
numbers3,statsforecast,sf-tbats,TBATS,UNIVARIATE,"{""season_length"":[4]}","{""season_length"":[4]}",True,VERIFIED,VERIFIED,,NOT_CAPTURED_BY_UNIFIED_CAMPAIGN,VERIFIED,2.536666666666666,8.736666666666666,2.9557852876463584,0.28,0.28,0.0,baseline:random,3.2,3.9841352052024206,0.663333333333334,1.0283499175560622,-0.04666666666666658,"[6895,6915,6935,6955,6975]",100,50,1,d0d169d6af09fa6207585c48b653d8a96235c4e73a79081e3b3fd5d3d879f172,fcc7305194a0cfeb954b07808b082e18be2233f335658f9a15309d68b6eeadac,f27ab776c1973cea6a57bf77044076da1a3777c937237c89e3dcdd4450fa1ef1,af3102620ed54adc8d2df181b0739ba7737fd572c6717942284e2b3446001a95,SUCCEEDED,,nan
numbers3,statsforecast,sf-theta,Theta,UNIVARIATE,{},{},True,VERIFIED,VERIFIED,,NOT_CAPTURED_BY_UNIFIED_CAMPAIGN,VERIFIED,2.526666666666667,8.706666666666667,2.9507061301774304,0.2966666666666667,0.2966666666666667,0.0,baseline:random,3.2,3.9841352052024206,0.6733333333333333,1.0334290750249902,-0.029999999999999916,"[6895,6915,6935,6955,6975]",100,50,1,d0d169d6af09fa6207585c48b653d8a96235c4e73a79081e3b3fd5d3d879f172,fcc7305194a0cfeb954b07808b082e18be2233f335658f9a15309d68b6eeadac,f27ab776c1973cea6a57bf77044076da1a3777c937237c89e3dcdd4450fa1ef1,a4613e09175d96c400eae2180bdfc17da9a251d33a58617f567f12de8873c3e8,SUCCEEDED,,nan
numbers3,statsforecast,sf-optimizedtheta,OptimizedTheta,UNIVARIATE,{},{},True,VERIFIED,VERIFIED,,NOT_CAPTURED_BY_UNIFIED_CAMPAIGN,VERIFIED,2.526666666666667,8.706666666666667,2.9507061301774304,0.2966666666666667,0.2966666666666667,0.0,baseline:random,3.2,3.9841352052024206,0.6733333333333333,1.0334290750249902,-0.029999999999999916,"[6895,6915,6935,6955,6975]",100,50,1,d0d169d6af09fa6207585c48b653d8a96235c4e73a79081e3b3fd5d3d879f172,fcc7305194a0cfeb954b07808b082e18be2233f335658f9a15309d68b6eeadac,f27ab776c1973cea6a57bf77044076da1a3777c937237c89e3dcdd4450fa1ef1,702ee33e964bdd7d43115f0ca1b651644f0c22c3daba8e6f1dc669eb87c66ed1,SUCCEEDED,,nan
numbers3,statsforecast,sf-dynamictheta,DynamicTheta,UNIVARIATE,{},{},True,VERIFIED,VERIFIED,,NOT_CAPTURED_BY_UNIFIED_CAMPAIGN,VERIFIED,2.526666666666667,8.706666666666667,2.9507061301774304,0.2966666666666667,0.2966666666666667,0.0,baseline:random,3.2,3.9841352052024206,0.6733333333333333,1.0334290750249902,-0.029999999999999916,"[6895,6915,6935,6955,6975]",100,50,1,d0d169d6af09fa6207585c48b653d8a96235c4e73a79081e3b3fd5d3d879f172,fcc7305194a0cfeb954b07808b082e18be2233f335658f9a15309d68b6eeadac,f27ab776c1973cea6a57bf77044076da1a3777c937237c89e3dcdd4450fa1ef1,a9ef99cc97edd8e68b49b852938ad9972b2988bc41727c57e0323d548404701f,SUCCEEDED,,nan
numbers3,statsforecast,sf-dynamicoptimizedtheta,DynamicOptimizedTheta,UNIVARIATE,{},{},True,VERIFIED,VERIFIED,,NOT_CAPTURED_BY_UNIFIED_CAMPAIGN,VERIFIED,2.526666666666667,8.706666666666667,2.9507061301774304,0.2966666666666667,0.2966666666666667,0.0,baseline:random,3.2,3.9841352052024206,0.6733333333333333,1.0334290750249902,-0.029999999999999916,"[6895,6915,6935,6955,6975]",100,50,1,d0d169d6af09fa6207585c48b653d8a96235c4e73a79081e3b3fd5d3d879f172,fcc7305194a0cfeb954b07808b082e18be2233f335658f9a15309d68b6eeadac,f27ab776c1973cea6a57bf77044076da1a3777c937237c89e3dcdd4450fa1ef1,c1599a15039a89a985f84795139b5fde3ffb04ce5abe6ddf723d08de16704f18,SUCCEEDED,,nan
numbers3,statsforecast,sf-garch,GARCH,UNIVARIATE,{},{},True,VERIFIED,VERIFIED,,NOT_CAPTURED_BY_UNIFIED_CAMPAIGN,VERIFIED,2.67,9.403333333333334,3.06648550189518,0.2533333333333333,0.2533333333333333,0.01,baseline:random,3.2,3.9841352052024206,0.5300000000000002,0.9176497033072404,-0.0733333333333333,"[6895,6915,6935,6955,6975]",100,50,1,d0d169d6af09fa6207585c48b653d8a96235c4e73a79081e3b3fd5d3d879f172,fcc7305194a0cfeb954b07808b082e18be2233f335658f9a15309d68b6eeadac,f27ab776c1973cea6a57bf77044076da1a3777c937237c89e3dcdd4450fa1ef1,c1ab6109fdb62be0dfb73a87e55ac9bb75972eee93a66871a0ef17f701cae8c7,SUCCEEDED,,nan
numbers3,statsforecast,sf-arch,ARCH,UNIVARIATE,{},{},True,VERIFIED,VERIFIED,,NOT_CAPTURED_BY_UNIFIED_CAMPAIGN,VERIFIED,2.58,8.753333333333334,2.958603274069258,0.2733333333333333,0.2733333333333334,0.0,baseline:random,3.2,3.9841352052024206,0.6200000000000001,1.0255319311331625,-0.05333333333333329,"[6895,6915,6935,6955,6975]",100,50,1,d0d169d6af09fa6207585c48b653d8a96235c4e73a79081e3b3fd5d3d879f172,fcc7305194a0cfeb954b07808b082e18be2233f335658f9a15309d68b6eeadac,f27ab776c1973cea6a57bf77044076da1a3777c937237c89e3dcdd4450fa1ef1,117a6e40fed1b2fe787c56273f3abe78240b596fe3d13c2f93eb07d5fb135b9c,SUCCEEDED,,nan
numbers3,statsforecast,sf-sklearnmodel,SklearnModel,EXOGENOUS,"{""model"":{""class"":""sklearn.linear_model._base.LinearRegression"",""params"":{""copy_X"":true,""fit_intercept"":true,""n_jobs"":null,""positive"":false,""tol"":1e-06}}}","{""model"":{""class"":""sklearn.linear_model._base.LinearRegression"",""params"":{""copy_X"":true,""fit_intercept"":true,""n_jobs"":null,""positive"":false,""tol"":1e-06}}}",True,VERIFIED,VERIFIED,,NOT_CAPTURED_BY_UNIFIED_CAMPAIGN,NOT_APPLICABLE_UNIVARIATE,,,,,,,baseline:random,3.2,3.9841352052024206,,,,"[6895,6915,6935,6955,6975]",100,50,1,d0d169d6af09fa6207585c48b653d8a96235c4e73a79081e3b3fd5d3d879f172,fcc7305194a0cfeb954b07808b082e18be2233f335658f9a15309d68b6eeadac,f27ab776c1973cea6a57bf77044076da1a3777c937237c89e3dcdd4450fa1ef1,,EXOGENOUS_EVALUATION_DEFERRED,StatsForecast runtime exception,primary univariate development protocol does not supply exogenous X_df
numbers3,statsforecast,sf-constantmodel,ConstantModel,UNIVARIATE,"{""constant"":1.0}","{""constant"":1.0}",True,VERIFIED,VERIFIED,,NOT_CAPTURED_BY_UNIFIED_CAMPAIGN,VERIFIED,3.68,20.71333333333333,4.551190320491259,0.3,0.3,0.01,baseline:random,3.2,3.9841352052024206,-0.48,-0.5670551152888388,-0.026666666666666616,"[6895,6915,6935,6955,6975]",100,50,1,d0d169d6af09fa6207585c48b653d8a96235c4e73a79081e3b3fd5d3d879f172,fcc7305194a0cfeb954b07808b082e18be2233f335658f9a15309d68b6eeadac,f27ab776c1973cea6a57bf77044076da1a3777c937237c89e3dcdd4450fa1ef1,5264b191b53e28f7167ce3e23caed52e1039ff4f94e076061d9e0742280d1beb,SUCCEEDED,,nan
numbers3,statsforecast,sf-zeromodel,ZeroModel,UNIVARIATE,{},{},True,VERIFIED,VERIFIED,,NOT_CAPTURED_BY_UNIFIED_CAMPAIGN,VERIFIED,4.506666666666667,28.726666666666667,5.359726361174297,0.2,0.1999999999999999,0.0,baseline:random,3.2,3.9841352052024206,-1.3066666666666666,-1.3755911559718763,-0.1266666666666666,"[6895,6915,6935,6955,6975]",100,50,1,d0d169d6af09fa6207585c48b653d8a96235c4e73a79081e3b3fd5d3d879f172,fcc7305194a0cfeb954b07808b082e18be2233f335658f9a15309d68b6eeadac,f27ab776c1973cea6a57bf77044076da1a3777c937237c89e3dcdd4450fa1ef1,2090cdd47f0f4f0b359cc02325650f5d65f1cc0d30bf31269cadd8063178f23d,SUCCEEDED,,nan
numbers3,statsforecast,sf-nanmodel,NaNModel,EXPECTED_NEGATIVE_CONTROL,{},{},True,EXPECTED_NEGATIVE_CONTROL,EXPECTED_NOT_APPLICABLE,,NOT_CAPTURED_BY_UNIFIED_CAMPAIGN,EXPECTED_NEGATIVE_CONTROL,,,,,,,baseline:random,3.2,3.9841352052024206,,,,"[6895,6915,6935,6955,6975]",100,50,1,d0d169d6af09fa6207585c48b653d8a96235c4e73a79081e3b3fd5d3d879f172,fcc7305194a0cfeb954b07808b082e18be2233f335658f9a15309d68b6eeadac,f27ab776c1973cea6a57bf77044076da1a3777c937237c89e3dcdd4450fa1ef1,,EXPECTED_NEGATIVE_CONTROL,numeric instability,NaNModel is retained as the expected negative control and excluded from ranking
numbers3,statsforecast,sf-ucm,UCM,UNIVARIATE,{},{},True,VERIFIED,VERIFIED,,NOT_CAPTURED_BY_UNIFIED_CAMPAIGN,VERIFIED,2.54,8.74,2.9563490998188966,0.2666666666666666,0.2666666666666666,0.0,baseline:random,3.2,3.9841352052024206,0.6600000000000001,1.027786105383524,-0.06,"[6895,6915,6935,6955,6975]",100,50,1,d0d169d6af09fa6207585c48b653d8a96235c4e73a79081e3b3fd5d3d879f172,fcc7305194a0cfeb954b07808b082e18be2233f335658f9a15309d68b6eeadac,f27ab776c1973cea6a57bf77044076da1a3777c937237c89e3dcdd4450fa1ef1,691485bae8223c8d0666df98c4cf870106ebfa676fa0d79e2eff3740762c86f9,SUCCEEDED,,nan
numbers4,statsforecast,sf-autoarima,AutoARIMA,UNIVARIATE,{},{},True,VERIFIED,VERIFIED,,NOT_CAPTURED_BY_UNIFIED_CAMPAIGN,VERIFIED,2.5275,8.7175,2.952541278288925,0.3025,0.3025,0.0,baseline:mean,2.5125,2.9364093720052047,-0.01499999999999968,-0.016131906283720188,-0.015000000000000013,"[6895,6915,6935,6955,6975]",100,50,1,c66c87c6045967a8e40aeb74a39d408de1f3d89701542aaca6bbf9c3c584187a,273a10020d236b0a40d79732b43231f5b54f74d4b0a0c60bfefdeffa240367f4,be6268486a8beef3f97dc4355d308f8e3843d56a51eade8073d80c5b2ebfaba3,b7ef734447904543b35dbfd574318cda8aa326ddc394562cb19ae96a798a61de,SUCCEEDED,,nan
numbers4,statsforecast,sf-autoets,AutoETS,UNIVARIATE,"{""season_length"":4}","{""season_length"":4}",True,VERIFIED,VERIFIED,,NOT_CAPTURED_BY_UNIFIED_CAMPAIGN,VERIFIED,2.5125,8.6225,2.9364093720052047,0.3175,0.3175,0.01,baseline:mean,2.5125,2.9364093720052047,0.0,0.0,0.0,"[6895,6915,6935,6955,6975]",100,50,1,c66c87c6045967a8e40aeb74a39d408de1f3d89701542aaca6bbf9c3c584187a,273a10020d236b0a40d79732b43231f5b54f74d4b0a0c60bfefdeffa240367f4,be6268486a8beef3f97dc4355d308f8e3843d56a51eade8073d80c5b2ebfaba3,9a7848f3265dad8dacd3b12d3d4584b0c8de5182cb8c7890ba9c03d93d9f1b6b,SUCCEEDED,,nan
numbers4,statsforecast,sf-autoces,AutoCES,UNIVARIATE,"{""season_length"":4}","{""season_length"":4}",True,VERIFIED,VERIFIED,,NOT_CAPTURED_BY_UNIFIED_CAMPAIGN,VERIFIED,2.545,8.775,2.962262648719725,0.3025,0.3025,0.0,baseline:mean,2.5125,2.9364093720052047,-0.03249999999999975,-0.025853276714520312,-0.015000000000000013,"[6895,6915,6935,6955,6975]",100,50,1,c66c87c6045967a8e40aeb74a39d408de1f3d89701542aaca6bbf9c3c584187a,273a10020d236b0a40d79732b43231f5b54f74d4b0a0c60bfefdeffa240367f4,be6268486a8beef3f97dc4355d308f8e3843d56a51eade8073d80c5b2ebfaba3,dcf70c371101a3c9edbee4d178400296be7b6b6e4a15358c2aaf550f77ddb738,SUCCEEDED,,nan
numbers4,statsforecast,sf-autotheta,AutoTheta,UNIVARIATE,{},{},True,VERIFIED,VERIFIED,,NOT_CAPTURED_BY_UNIFIED_CAMPAIGN,VERIFIED,2.6,9.37,3.061045573002793,0.2875,0.2875,0.01,baseline:mean,2.5125,2.9364093720052047,-0.08749999999999991,-0.1246362009975881,-0.030000000000000027,"[6895,6915,6935,6955,6975]",100,50,1,c66c87c6045967a8e40aeb74a39d408de1f3d89701542aaca6bbf9c3c584187a,273a10020d236b0a40d79732b43231f5b54f74d4b0a0c60bfefdeffa240367f4,be6268486a8beef3f97dc4355d308f8e3843d56a51eade8073d80c5b2ebfaba3,c172f24a6703b2a36c7898555c6a15418a1f9829d110eb3deeb98f562915594b,SUCCEEDED,,nan
numbers4,statsforecast,sf-automfles,AutoMFLES,UNIVARIATE,"{""n_windows"":2,""season_length"":[4],""test_size"":4}","{""n_windows"":2,""season_length"":[4],""test_size"":4}",True,VERIFIED,VERIFIED,,NOT_CAPTURED_BY_UNIFIED_CAMPAIGN,VERIFIED,2.84,11.455,3.3845236001540897,0.2675,0.2675,0.01,baseline:mean,2.5125,2.9364093720052047,-0.3274999999999997,-0.448114228148885,-0.04999999999999999,"[6895,6915,6935,6955,6975]",100,50,1,c66c87c6045967a8e40aeb74a39d408de1f3d89701542aaca6bbf9c3c584187a,273a10020d236b0a40d79732b43231f5b54f74d4b0a0c60bfefdeffa240367f4,be6268486a8beef3f97dc4355d308f8e3843d56a51eade8073d80c5b2ebfaba3,94a1d7dd48c6cad15115f6a41386ee2d49820a44efc5d1d7dacfc7be56e422c8,SUCCEEDED,,nan
numbers4,statsforecast,sf-autotbats,AutoTBATS,UNIVARIATE,"{""season_length"":[4]}","{""season_length"":[4]}",True,VERIFIED,VERIFIED,,NOT_CAPTURED_BY_UNIFIED_CAMPAIGN,VERIFIED,2.53,8.735,2.9555033412263296,0.305,0.305,0.0,baseline:mean,2.5125,2.9364093720052047,-0.017499999999999627,-0.01909396922112494,-0.012500000000000011,"[6895,6915,6935,6955,6975]",100,50,1,c66c87c6045967a8e40aeb74a39d408de1f3d89701542aaca6bbf9c3c584187a,273a10020d236b0a40d79732b43231f5b54f74d4b0a0c60bfefdeffa240367f4,be6268486a8beef3f97dc4355d308f8e3843d56a51eade8073d80c5b2ebfaba3,33bda4e5380ee83b278b76c5e33309d2ba840add66f6a48891a38269d1387bfe,SUCCEEDED,,nan
numbers4,statsforecast,sf-arima,ARIMA,UNIVARIATE,"{""order"":[1,0,0]}","{""order"":[1,0,0]}",True,VERIFIED,VERIFIED,,NOT_CAPTURED_BY_UNIFIED_CAMPAIGN,VERIFIED,2.5025,8.5825,2.9295904150580503,0.3125,0.3125,0.0,baseline:mean,2.5125,2.9364093720052047,0.010000000000000231,0.006818956947154398,-0.0050000000000000044,"[6895,6915,6935,6955,6975]",100,50,1,c66c87c6045967a8e40aeb74a39d408de1f3d89701542aaca6bbf9c3c584187a,273a10020d236b0a40d79732b43231f5b54f74d4b0a0c60bfefdeffa240367f4,be6268486a8beef3f97dc4355d308f8e3843d56a51eade8073d80c5b2ebfaba3,84792f8203966cc4857007485ebc222be5098bdbb6576e491ee1704f8782b186,SUCCEEDED,,nan
numbers4,statsforecast,sf-autoregressive,AutoRegressive,UNIVARIATE,"{""lags"":1}","{""lags"":{""fixed"":null,""order"":[1,0,0]}}",True,VERIFIED,VERIFIED,,NOT_CAPTURED_BY_UNIFIED_CAMPAIGN,VERIFIED,2.5025,8.5825,2.9295904150580503,0.3125,0.3125,0.0,baseline:mean,2.5125,2.9364093720052047,0.010000000000000231,0.006818956947154398,-0.0050000000000000044,"[6895,6915,6935,6955,6975]",100,50,1,c66c87c6045967a8e40aeb74a39d408de1f3d89701542aaca6bbf9c3c584187a,273a10020d236b0a40d79732b43231f5b54f74d4b0a0c60bfefdeffa240367f4,be6268486a8beef3f97dc4355d308f8e3843d56a51eade8073d80c5b2ebfaba3,f725aa7ddb0ad8d906327fa725cc3e4ab3b75d6ab977e8c744ff686ce528e276,SUCCEEDED,,nan
numbers4,statsforecast,sf-simpleexponentialsmoothing,SimpleExponentialSmoothing,UNIVARIATE,"{""alpha"":0.3}","{""alpha"":0.3}",True,VERIFIED,VERIFIED,,NOT_CAPTURED_BY_UNIFIED_CAMPAIGN,VERIFIED,2.7725,10.6375,3.2615180514600866,0.2625,0.2625,0.0,baseline:mean,2.5125,2.9364093720052047,-0.2599999999999998,-0.32510867945488187,-0.05499999999999999,"[6895,6915,6935,6955,6975]",100,50,1,c66c87c6045967a8e40aeb74a39d408de1f3d89701542aaca6bbf9c3c584187a,273a10020d236b0a40d79732b43231f5b54f74d4b0a0c60bfefdeffa240367f4,be6268486a8beef3f97dc4355d308f8e3843d56a51eade8073d80c5b2ebfaba3,1fe4b12017f26ee44faf3f038b89cd331db3829664e1c477f847f54ccf9da1bb,SUCCEEDED,,nan
numbers4,statsforecast,sf-simpleexponentialsmoothingoptimized,SimpleExponentialSmoothingOptimized,UNIVARIATE,{},{},True,VERIFIED,VERIFIED,,NOT_CAPTURED_BY_UNIFIED_CAMPAIGN,VERIFIED,2.5975,9.2525,3.0417922348510262,0.2925,0.2925,0.0,baseline:mean,2.5125,2.9364093720052047,-0.08499999999999996,-0.10538286284582155,-0.025000000000000022,"[6895,6915,6935,6955,6975]",100,50,1,c66c87c6045967a8e40aeb74a39d408de1f3d89701542aaca6bbf9c3c584187a,273a10020d236b0a40d79732b43231f5b54f74d4b0a0c60bfefdeffa240367f4,be6268486a8beef3f97dc4355d308f8e3843d56a51eade8073d80c5b2ebfaba3,2d5bc95b0dd56264ab08c0d7633df9c15962273787c3f3f497bcda2ce22a2e8b,SUCCEEDED,,nan
numbers4,statsforecast,sf-seasonalexponentialsmoothing,SeasonalExponentialSmoothing,UNIVARIATE,"{""alpha"":0.3,""season_length"":4}","{""alpha"":0.3,""season_length"":4}",True,VERIFIED,VERIFIED,,NOT_CAPTURED_BY_UNIFIED_CAMPAIGN,VERIFIED,2.62,9.905,3.1472209963712428,0.29,0.29,0.0,baseline:mean,2.5125,2.9364093720052047,-0.10749999999999993,-0.21081162436603806,-0.027500000000000024,"[6895,6915,6935,6955,6975]",100,50,1,c66c87c6045967a8e40aeb74a39d408de1f3d89701542aaca6bbf9c3c584187a,273a10020d236b0a40d79732b43231f5b54f74d4b0a0c60bfefdeffa240367f4,be6268486a8beef3f97dc4355d308f8e3843d56a51eade8073d80c5b2ebfaba3,33b7bab4a8c343d2da34cda606daada41db13ec7f778060ed8e9008592a3b374,SUCCEEDED,,nan
numbers4,statsforecast,sf-seasonalexponentialsmoothingoptimized,SeasonalExponentialSmoothingOptimized,UNIVARIATE,"{""season_length"":4}","{""season_length"":4}",True,VERIFIED,VERIFIED,,NOT_CAPTURED_BY_UNIFIED_CAMPAIGN,VERIFIED,2.4975,8.6725,2.9449108645254443,0.3125,0.3125,0.0,baseline:mean,2.5125,2.9364093720052047,0.015000000000000124,-0.008501492520239573,-0.0050000000000000044,"[6895,6915,6935,6955,6975]",100,50,1,c66c87c6045967a8e40aeb74a39d408de1f3d89701542aaca6bbf9c3c584187a,273a10020d236b0a40d79732b43231f5b54f74d4b0a0c60bfefdeffa240367f4,be6268486a8beef3f97dc4355d308f8e3843d56a51eade8073d80c5b2ebfaba3,fb4b61efc67fd79e4c178ebaa00ec5f9e5d3cfd17dac1e3525f258d5d3b7d55b,SUCCEEDED,,nan
numbers4,statsforecast,sf-holt,Holt,UNIVARIATE,{},{},True,VERIFIED,VERIFIED,,NOT_CAPTURED_BY_UNIFIED_CAMPAIGN,VERIFIED,2.5525,8.9375,2.9895651857753496,0.32,0.32,0.0,baseline:mean,2.5125,2.9364093720052047,-0.040000000000000036,-0.05315581377014489,0.0025000000000000022,"[6895,6915,6935,6955,6975]",100,50,1,c66c87c6045967a8e40aeb74a39d408de1f3d89701542aaca6bbf9c3c584187a,273a10020d236b0a40d79732b43231f5b54f74d4b0a0c60bfefdeffa240367f4,be6268486a8beef3f97dc4355d308f8e3843d56a51eade8073d80c5b2ebfaba3,a13ea07d6b3cd4e097f9487da204e71869b030d67195753fdc10a31d266822a8,SUCCEEDED,,nan
numbers4,statsforecast,sf-holtwinters,HoltWinters,UNIVARIATE,"{""season_length"":4}","{""season_length"":4}",True,VERIFIED,VERIFIED,,NOT_CAPTURED_BY_UNIFIED_CAMPAIGN,VERIFIED,2.5175,8.7025,2.95,0.3125,0.3125,0.0,baseline:mean,2.5125,2.9364093720052047,-0.004999999999999893,-0.01359062799479549,-0.0050000000000000044,"[6895,6915,6935,6955,6975]",100,50,1,c66c87c6045967a8e40aeb74a39d408de1f3d89701542aaca6bbf9c3c584187a,273a10020d236b0a40d79732b43231f5b54f74d4b0a0c60bfefdeffa240367f4,be6268486a8beef3f97dc4355d308f8e3843d56a51eade8073d80c5b2ebfaba3,9017123cf8e426aa4fed7c06e56c23ffd0db4cc5678ab553273e65367f4a4f33,SUCCEEDED,,nan
numbers4,statsforecast,sf-historicaverage,HistoricAverage,UNIVARIATE,{},{},True,VERIFIED,VERIFIED,,NOT_CAPTURED_BY_UNIFIED_CAMPAIGN,VERIFIED,2.5125,8.6225,2.9364093720052047,0.3175,0.3175,0.01,baseline:mean,2.5125,2.9364093720052047,0.0,0.0,0.0,"[6895,6915,6935,6955,6975]",100,50,1,c66c87c6045967a8e40aeb74a39d408de1f3d89701542aaca6bbf9c3c584187a,273a10020d236b0a40d79732b43231f5b54f74d4b0a0c60bfefdeffa240367f4,be6268486a8beef3f97dc4355d308f8e3843d56a51eade8073d80c5b2ebfaba3,5182099ea2872dbce0489da5e2a31efcee161ae46b925126fa9af32fe4429fa5,SUCCEEDED,,nan
numbers4,statsforecast,sf-naive,Naive,UNIVARIATE,{},{},True,VERIFIED,VERIFIED,,NOT_CAPTURED_BY_UNIFIED_CAMPAIGN,VERIFIED,3.5175,18.5525,4.307261310856354,0.265,0.265,0.0,baseline:mean,2.5125,2.9364093720052047,-1.005,-1.3708519388511498,-0.05249999999999999,"[6895,6915,6935,6955,6975]",100,50,1,c66c87c6045967a8e40aeb74a39d408de1f3d89701542aaca6bbf9c3c584187a,273a10020d236b0a40d79732b43231f5b54f74d4b0a0c60bfefdeffa240367f4,be6268486a8beef3f97dc4355d308f8e3843d56a51eade8073d80c5b2ebfaba3,e2c9bbd1a0e96477a0b909b7670374593a5d3d760dbefa4c1a8e1f2ca5dbcece,SUCCEEDED,,nan
numbers4,statsforecast,sf-randomwalkwithdrift,RandomWalkWithDrift,UNIVARIATE,{},{},True,VERIFIED,VERIFIED,,NOT_CAPTURED_BY_UNIFIED_CAMPAIGN,VERIFIED,3.5175,18.5525,4.307261310856354,0.265,0.265,0.0,baseline:mean,2.5125,2.9364093720052047,-1.005,-1.3708519388511498,-0.05249999999999999,"[6895,6915,6935,6955,6975]",100,50,1,c66c87c6045967a8e40aeb74a39d408de1f3d89701542aaca6bbf9c3c584187a,273a10020d236b0a40d79732b43231f5b54f74d4b0a0c60bfefdeffa240367f4,be6268486a8beef3f97dc4355d308f8e3843d56a51eade8073d80c5b2ebfaba3,929114975943e0e9b053c1e38566648891c1540e95eb6df74365ac9381b0d9cb,SUCCEEDED,,nan
numbers4,statsforecast,sf-seasonalnaive,SeasonalNaive,UNIVARIATE,"{""season_length"":4}","{""season_length"":4}",True,VERIFIED,VERIFIED,,NOT_CAPTURED_BY_UNIFIED_CAMPAIGN,VERIFIED,3.3025,16.6675,4.082584965435502,0.2875,0.2875,0.01,baseline:mean,2.5125,2.9364093720052047,-0.79,-1.1461755934302973,-0.030000000000000027,"[6895,6915,6935,6955,6975]",100,50,1,c66c87c6045967a8e40aeb74a39d408de1f3d89701542aaca6bbf9c3c584187a,273a10020d236b0a40d79732b43231f5b54f74d4b0a0c60bfefdeffa240367f4,be6268486a8beef3f97dc4355d308f8e3843d56a51eade8073d80c5b2ebfaba3,be4b926bdea13dc5d459bb5ba91dd3ad3d78ffbba3798525a9eee274225b927f,SUCCEEDED,,nan
numbers4,statsforecast,sf-conformalseasonalpool,ConformalSeasonalPool,UNIVARIATE,"{""n_samples"":200,""season_length"":4}","{""n_samples"":200,""season_length"":4}",True,VERIFIED,VERIFIED,,NOT_CAPTURED_BY_UNIFIED_CAMPAIGN,VERIFIED,3.3025,16.6675,4.082584965435502,0.2875,0.2875,0.01,baseline:mean,2.5125,2.9364093720052047,-0.79,-1.1461755934302973,-0.030000000000000027,"[6895,6915,6935,6955,6975]",100,50,1,c66c87c6045967a8e40aeb74a39d408de1f3d89701542aaca6bbf9c3c584187a,273a10020d236b0a40d79732b43231f5b54f74d4b0a0c60bfefdeffa240367f4,be6268486a8beef3f97dc4355d308f8e3843d56a51eade8073d80c5b2ebfaba3,ff559ff3f4cadbc93784e7e8e0b948f1cc23d90f7707867eb67ce146a9f85717,SUCCEEDED,,nan
numbers4,statsforecast,sf-windowaverage,WindowAverage,UNIVARIATE,"{""window_size"":3}","{""window_size"":3}",True,VERIFIED,VERIFIED,,NOT_CAPTURED_BY_UNIFIED_CAMPAIGN,VERIFIED,2.9075,12.0125,3.465905365124674,0.2525,0.2525,0.01,baseline:mean,2.5125,2.9364093720052047,-0.395,-0.5294959931194692,-0.065,"[6895,6915,6935,6955,6975]",100,50,1,c66c87c6045967a8e40aeb74a39d408de1f3d89701542aaca6bbf9c3c584187a,273a10020d236b0a40d79732b43231f5b54f74d4b0a0c60bfefdeffa240367f4,be6268486a8beef3f97dc4355d308f8e3843d56a51eade8073d80c5b2ebfaba3,f6f585b5187b5a85d650bba968f87bcc2c09d046e688a1a32b4ba7e836436719,SUCCEEDED,,nan
numbers4,statsforecast,sf-seasonalwindowaverage,SeasonalWindowAverage,UNIVARIATE,"{""season_length"":4,""window_size"":2}","{""season_length"":4,""window_size"":2}",True,VERIFIED,VERIFIED,,NOT_CAPTURED_BY_UNIFIED_CAMPAIGN,VERIFIED,3.0225,13.0375,3.6107478449761614,0.255,0.255,0.0,baseline:mean,2.5125,2.9364093720052047,-0.5099999999999998,-0.6743384729709567,-0.0625,"[6895,6915,6935,6955,6975]",100,50,1,c66c87c6045967a8e40aeb74a39d408de1f3d89701542aaca6bbf9c3c584187a,273a10020d236b0a40d79732b43231f5b54f74d4b0a0c60bfefdeffa240367f4,be6268486a8beef3f97dc4355d308f8e3843d56a51eade8073d80c5b2ebfaba3,9e4ac1dd1f0a6108c4592ce5c67b078bd508083bb1ebec897b0550d3415df14b,SUCCEEDED,,nan
numbers4,statsforecast,sf-adida,ADIDA,UNIVARIATE,{},{},True,VERIFIED,VERIFIED,,NOT_CAPTURED_BY_UNIFIED_CAMPAIGN,VERIFIED,2.6,9.37,3.061045573002793,0.2875,0.2875,0.01,baseline:mean,2.5125,2.9364093720052047,-0.08749999999999991,-0.1246362009975881,-0.030000000000000027,"[6895,6915,6935,6955,6975]",100,50,1,c66c87c6045967a8e40aeb74a39d408de1f3d89701542aaca6bbf9c3c584187a,273a10020d236b0a40d79732b43231f5b54f74d4b0a0c60bfefdeffa240367f4,be6268486a8beef3f97dc4355d308f8e3843d56a51eade8073d80c5b2ebfaba3,b5b969d973959413096de22185de55a8ac99eb829319211079e399d2cf6789fd,SUCCEEDED,,nan
numbers4,statsforecast,sf-crostonclassic,CrostonClassic,UNIVARIATE,{},{},True,VERIFIED,VERIFIED,,NOT_CAPTURED_BY_UNIFIED_CAMPAIGN,VERIFIED,2.58,9.21,3.034798181098704,0.295,0.295,0.01,baseline:mean,2.5125,2.9364093720052047,-0.0674999999999999,-0.09838880909349923,-0.02250000000000002,"[6895,6915,6935,6955,6975]",100,50,1,c66c87c6045967a8e40aeb74a39d408de1f3d89701542aaca6bbf9c3c584187a,273a10020d236b0a40d79732b43231f5b54f74d4b0a0c60bfefdeffa240367f4,be6268486a8beef3f97dc4355d308f8e3843d56a51eade8073d80c5b2ebfaba3,03bf38d970cb22571cb2f1c759548c0f2813bf14ea6c8b3bda6f14c67519c487,SUCCEEDED,,nan
numbers4,statsforecast,sf-crostonoptimized,CrostonOptimized,UNIVARIATE,{},{},True,VERIFIED,VERIFIED,,NOT_CAPTURED_BY_UNIFIED_CAMPAIGN,VERIFIED,2.58,9.21,3.034798181098704,0.295,0.295,0.01,baseline:mean,2.5125,2.9364093720052047,-0.0674999999999999,-0.09838880909349923,-0.02250000000000002,"[6895,6915,6935,6955,6975]",100,50,1,c66c87c6045967a8e40aeb74a39d408de1f3d89701542aaca6bbf9c3c584187a,273a10020d236b0a40d79732b43231f5b54f74d4b0a0c60bfefdeffa240367f4,be6268486a8beef3f97dc4355d308f8e3843d56a51eade8073d80c5b2ebfaba3,15103cbcdde7e81a39dd9aaed1bf0152a50982eca19e5c74b74b960883d375d2,SUCCEEDED,,nan
numbers4,statsforecast,sf-crostonsba,CrostonSBA,UNIVARIATE,{},{},True,VERIFIED,VERIFIED,,NOT_CAPTURED_BY_UNIFIED_CAMPAIGN,VERIFIED,2.56,9.16,3.026549190084311,0.3025,0.3025,0.0,baseline:mean,2.5125,2.9364093720052047,-0.047499999999999876,-0.09013981807910643,-0.015000000000000013,"[6895,6915,6935,6955,6975]",100,50,1,c66c87c6045967a8e40aeb74a39d408de1f3d89701542aaca6bbf9c3c584187a,273a10020d236b0a40d79732b43231f5b54f74d4b0a0c60bfefdeffa240367f4,be6268486a8beef3f97dc4355d308f8e3843d56a51eade8073d80c5b2ebfaba3,5781ea1efb5bf48521f8d87ab9d20404ea6ff9a3622cc38bf99a931a975ab549,SUCCEEDED,,nan
numbers4,statsforecast,sf-imapa,IMAPA,UNIVARIATE,{},{},True,VERIFIED,VERIFIED,,NOT_CAPTURED_BY_UNIFIED_CAMPAIGN,VERIFIED,2.6,9.37,3.061045573002793,0.2875,0.2875,0.01,baseline:mean,2.5125,2.9364093720052047,-0.08749999999999991,-0.1246362009975881,-0.030000000000000027,"[6895,6915,6935,6955,6975]",100,50,1,c66c87c6045967a8e40aeb74a39d408de1f3d89701542aaca6bbf9c3c584187a,273a10020d236b0a40d79732b43231f5b54f74d4b0a0c60bfefdeffa240367f4,be6268486a8beef3f97dc4355d308f8e3843d56a51eade8073d80c5b2ebfaba3,0707685d6a1554cef4b137850ad25d09723493a45fcaffa81bf209ab1efe999b,SUCCEEDED,,nan
numbers4,statsforecast,sf-tsb,TSB,UNIVARIATE,"{""alpha_d"":0.3,""alpha_p"":0.3}","{""alpha_d"":0.3,""alpha_p"":0.3}",True,VERIFIED,VERIFIED,,NOT_CAPTURED_BY_UNIFIED_CAMPAIGN,VERIFIED,2.75,10.475,3.236510466536452,0.2675,0.2675,0.0,baseline:mean,2.5125,2.9364093720052047,-0.23749999999999982,-0.30010109453124745,-0.04999999999999999,"[6895,6915,6935,6955,6975]",100,50,1,c66c87c6045967a8e40aeb74a39d408de1f3d89701542aaca6bbf9c3c584187a,273a10020d236b0a40d79732b43231f5b54f74d4b0a0c60bfefdeffa240367f4,be6268486a8beef3f97dc4355d308f8e3843d56a51eade8073d80c5b2ebfaba3,76126af74d2bc4fdd68e2dc91f60893de70db9b59280432460b29323c169ab01,SUCCEEDED,,nan
numbers4,statsforecast,sf-mstl,MSTL,UNIVARIATE,"{""season_length"":[4]}","{""season_length"":[4]}",True,VERIFIED,VERIFIED,,NOT_CAPTURED_BY_UNIFIED_CAMPAIGN,VERIFIED,2.535,9.16,3.026549190084311,0.33,0.3299999999999999,0.0,baseline:mean,2.5125,2.9364093720052047,-0.022499999999999964,-0.09013981807910643,0.012500000000000011,"[6895,6915,6935,6955,6975]",100,50,1,c66c87c6045967a8e40aeb74a39d408de1f3d89701542aaca6bbf9c3c584187a,273a10020d236b0a40d79732b43231f5b54f74d4b0a0c60bfefdeffa240367f4,be6268486a8beef3f97dc4355d308f8e3843d56a51eade8073d80c5b2ebfaba3,15436f86a5109cc358c1cce2e1a86f7ba5c64dcea4b5234b52b0d9f81a4ee70b,SUCCEEDED,,nan
numbers4,statsforecast,sf-mfles,MFLES,UNIVARIATE,{},{},True,VERIFIED,VERIFIED,,NOT_CAPTURED_BY_UNIFIED_CAMPAIGN,VERIFIED,3.0775,13.8175,3.717189798759272,0.2825,0.2825,0.0,baseline:mean,2.5125,2.9364093720052047,-0.565,-0.7807804267540672,-0.03500000000000003,"[6895,6915,6935,6955,6975]",100,50,1,c66c87c6045967a8e40aeb74a39d408de1f3d89701542aaca6bbf9c3c584187a,273a10020d236b0a40d79732b43231f5b54f74d4b0a0c60bfefdeffa240367f4,be6268486a8beef3f97dc4355d308f8e3843d56a51eade8073d80c5b2ebfaba3,f2498b88fe22097ea126f721064870fd5310fbad8f45bff6e4dfd8e1f5a900d1,SUCCEEDED,,nan
numbers4,statsforecast,sf-tbats,TBATS,UNIVARIATE,"{""season_length"":[4]}","{""season_length"":[4]}",True,VERIFIED,VERIFIED,,NOT_CAPTURED_BY_UNIFIED_CAMPAIGN,VERIFIED,2.5425,8.9525,2.992072860075436,0.2975,0.2975,0.01,baseline:mean,2.5125,2.9364093720052047,-0.029999999999999805,-0.05566348807023136,-0.020000000000000018,"[6895,6915,6935,6955,6975]",100,50,1,c66c87c6045967a8e40aeb74a39d408de1f3d89701542aaca6bbf9c3c584187a,273a10020d236b0a40d79732b43231f5b54f74d4b0a0c60bfefdeffa240367f4,be6268486a8beef3f97dc4355d308f8e3843d56a51eade8073d80c5b2ebfaba3,b4a43e9777ceb7ec825904fb71413bee0adc8ea66ca48fc6641214cffe3c831a,SUCCEEDED,,nan
numbers4,statsforecast,sf-theta,Theta,UNIVARIATE,{},{},True,VERIFIED,VERIFIED,,NOT_CAPTURED_BY_UNIFIED_CAMPAIGN,VERIFIED,2.6,9.37,3.061045573002793,0.2875,0.2875,0.01,baseline:mean,2.5125,2.9364093720052047,-0.08749999999999991,-0.1246362009975881,-0.030000000000000027,"[6895,6915,6935,6955,6975]",100,50,1,c66c87c6045967a8e40aeb74a39d408de1f3d89701542aaca6bbf9c3c584187a,273a10020d236b0a40d79732b43231f5b54f74d4b0a0c60bfefdeffa240367f4,be6268486a8beef3f97dc4355d308f8e3843d56a51eade8073d80c5b2ebfaba3,c0bd88924b1a62f72134a84bdac1e2c48f32a97ab7955f75bf842d572b6cdad5,SUCCEEDED,,nan
numbers4,statsforecast,sf-optimizedtheta,OptimizedTheta,UNIVARIATE,{},{},True,VERIFIED,VERIFIED,,NOT_CAPTURED_BY_UNIFIED_CAMPAIGN,VERIFIED,2.6,9.37,3.061045573002793,0.2875,0.2875,0.01,baseline:mean,2.5125,2.9364093720052047,-0.08749999999999991,-0.1246362009975881,-0.030000000000000027,"[6895,6915,6935,6955,6975]",100,50,1,c66c87c6045967a8e40aeb74a39d408de1f3d89701542aaca6bbf9c3c584187a,273a10020d236b0a40d79732b43231f5b54f74d4b0a0c60bfefdeffa240367f4,be6268486a8beef3f97dc4355d308f8e3843d56a51eade8073d80c5b2ebfaba3,4f67a3ac13b6980b9e83bd96b4fa7c33fbea4f88f5157f9739ffddd1b97b63a1,SUCCEEDED,,nan
numbers4,statsforecast,sf-dynamictheta,DynamicTheta,UNIVARIATE,{},{},True,VERIFIED,VERIFIED,,NOT_CAPTURED_BY_UNIFIED_CAMPAIGN,VERIFIED,2.6,9.37,3.061045573002793,0.2875,0.2875,0.01,baseline:mean,2.5125,2.9364093720052047,-0.08749999999999991,-0.1246362009975881,-0.030000000000000027,"[6895,6915,6935,6955,6975]",100,50,1,c66c87c6045967a8e40aeb74a39d408de1f3d89701542aaca6bbf9c3c584187a,273a10020d236b0a40d79732b43231f5b54f74d4b0a0c60bfefdeffa240367f4,be6268486a8beef3f97dc4355d308f8e3843d56a51eade8073d80c5b2ebfaba3,a272cf3edc77f6a7238f0149c5ea84f6a1ec842ef3fd2f8877054ee5e57073ed,SUCCEEDED,,nan
numbers4,statsforecast,sf-dynamicoptimizedtheta,DynamicOptimizedTheta,UNIVARIATE,{},{},True,VERIFIED,VERIFIED,,NOT_CAPTURED_BY_UNIFIED_CAMPAIGN,VERIFIED,2.6,9.37,3.061045573002793,0.2875,0.2875,0.01,baseline:mean,2.5125,2.9364093720052047,-0.08749999999999991,-0.1246362009975881,-0.030000000000000027,"[6895,6915,6935,6955,6975]",100,50,1,c66c87c6045967a8e40aeb74a39d408de1f3d89701542aaca6bbf9c3c584187a,273a10020d236b0a40d79732b43231f5b54f74d4b0a0c60bfefdeffa240367f4,be6268486a8beef3f97dc4355d308f8e3843d56a51eade8073d80c5b2ebfaba3,4a37e8fe0b26ebaa1185908ddfb661ba5bd442872103ae2dd3830ecb13881434,SUCCEEDED,,nan
numbers4,statsforecast,sf-garch,GARCH,UNIVARIATE,{},{},True,VERIFIED,VERIFIED,,NOT_CAPTURED_BY_UNIFIED_CAMPAIGN,VERIFIED,2.55,8.81,2.968164415931166,0.3075,0.3075,0.01,baseline:mean,2.5125,2.9364093720052047,-0.037499999999999645,-0.03175504392596151,-0.010000000000000009,"[6895,6915,6935,6955,6975]",100,50,1,c66c87c6045967a8e40aeb74a39d408de1f3d89701542aaca6bbf9c3c584187a,273a10020d236b0a40d79732b43231f5b54f74d4b0a0c60bfefdeffa240367f4,be6268486a8beef3f97dc4355d308f8e3843d56a51eade8073d80c5b2ebfaba3,bb006d256d22e418740a83c11d5629f5dd26ac7119fc59c435dbe3a1b09435fb,SUCCEEDED,,nan
numbers4,statsforecast,sf-arch,ARCH,UNIVARIATE,{},{},True,VERIFIED,VERIFIED,,NOT_CAPTURED_BY_UNIFIED_CAMPAIGN,VERIFIED,2.5675,9.1125,3.0186917696247164,0.31,0.31,0.01,baseline:mean,2.5125,2.9364093720052047,-0.054999999999999716,-0.08228239761951173,-0.007500000000000007,"[6895,6915,6935,6955,6975]",100,50,1,c66c87c6045967a8e40aeb74a39d408de1f3d89701542aaca6bbf9c3c584187a,273a10020d236b0a40d79732b43231f5b54f74d4b0a0c60bfefdeffa240367f4,be6268486a8beef3f97dc4355d308f8e3843d56a51eade8073d80c5b2ebfaba3,c41ca7be378c53ce8b1132304b907b02d810bf81686d8557df6cc3541542a2d5,SUCCEEDED,,nan
numbers4,statsforecast,sf-sklearnmodel,SklearnModel,EXOGENOUS,"{""model"":{""class"":""sklearn.linear_model._base.LinearRegression"",""params"":{""copy_X"":true,""fit_intercept"":true,""n_jobs"":null,""positive"":false,""tol"":1e-06}}}","{""model"":{""class"":""sklearn.linear_model._base.LinearRegression"",""params"":{""copy_X"":true,""fit_intercept"":true,""n_jobs"":null,""positive"":false,""tol"":1e-06}}}",True,VERIFIED,VERIFIED,,NOT_CAPTURED_BY_UNIFIED_CAMPAIGN,NOT_APPLICABLE_UNIVARIATE,,,,,,,baseline:mean,2.5125,2.9364093720052047,,,,"[6895,6915,6935,6955,6975]",100,50,1,c66c87c6045967a8e40aeb74a39d408de1f3d89701542aaca6bbf9c3c584187a,273a10020d236b0a40d79732b43231f5b54f74d4b0a0c60bfefdeffa240367f4,be6268486a8beef3f97dc4355d308f8e3843d56a51eade8073d80c5b2ebfaba3,,EXOGENOUS_EVALUATION_DEFERRED,StatsForecast runtime exception,primary univariate development protocol does not supply exogenous X_df
numbers4,statsforecast,sf-constantmodel,ConstantModel,UNIVARIATE,"{""constant"":1.0}","{""constant"":1.0}",True,VERIFIED,VERIFIED,,NOT_CAPTURED_BY_UNIFIED_CAMPAIGN,VERIFIED,3.8575,21.9225,4.682146943443788,0.2825,0.2825,0.0,baseline:mean,2.5125,2.9364093720052047,-1.3449999999999998,-1.7457375714385837,-0.03500000000000003,"[6895,6915,6935,6955,6975]",100,50,1,c66c87c6045967a8e40aeb74a39d408de1f3d89701542aaca6bbf9c3c584187a,273a10020d236b0a40d79732b43231f5b54f74d4b0a0c60bfefdeffa240367f4,be6268486a8beef3f97dc4355d308f8e3843d56a51eade8073d80c5b2ebfaba3,6252ca42dd113f16c0ae13b50e05838ef8852bb6be75d2d76d002ef0278ae76e,SUCCEEDED,,nan
numbers4,statsforecast,sf-zeromodel,ZeroModel,UNIVARIATE,{},{},True,VERIFIED,VERIFIED,,NOT_CAPTURED_BY_UNIFIED_CAMPAIGN,VERIFIED,4.6625,30.2475,5.499772722576815,0.2,0.1999999999999999,0.0,baseline:mean,2.5125,2.9364093720052047,-2.1499999999999995,-2.5633633505716107,-0.1175,"[6895,6915,6935,6955,6975]",100,50,1,c66c87c6045967a8e40aeb74a39d408de1f3d89701542aaca6bbf9c3c584187a,273a10020d236b0a40d79732b43231f5b54f74d4b0a0c60bfefdeffa240367f4,be6268486a8beef3f97dc4355d308f8e3843d56a51eade8073d80c5b2ebfaba3,be422ab13ecb110bdb4f8c149eb227e921c542b5c757df91e120c64fa79fa5d4,SUCCEEDED,,nan
numbers4,statsforecast,sf-nanmodel,NaNModel,EXPECTED_NEGATIVE_CONTROL,{},{},True,EXPECTED_NEGATIVE_CONTROL,EXPECTED_NOT_APPLICABLE,,NOT_CAPTURED_BY_UNIFIED_CAMPAIGN,EXPECTED_NEGATIVE_CONTROL,,,,,,,baseline:mean,2.5125,2.9364093720052047,,,,"[6895,6915,6935,6955,6975]",100,50,1,c66c87c6045967a8e40aeb74a39d408de1f3d89701542aaca6bbf9c3c584187a,273a10020d236b0a40d79732b43231f5b54f74d4b0a0c60bfefdeffa240367f4,be6268486a8beef3f97dc4355d308f8e3843d56a51eade8073d80c5b2ebfaba3,,EXPECTED_NEGATIVE_CONTROL,numeric instability,NaNModel is retained as the expected negative control and excluded from ranking
numbers4,statsforecast,sf-ucm,UCM,UNIVARIATE,{},{},True,VERIFIED,VERIFIED,,NOT_CAPTURED_BY_UNIFIED_CAMPAIGN,VERIFIED,2.5175,8.7475,2.9576172842340505,0.325,0.325,0.0,baseline:mean,2.5125,2.9364093720052047,-0.004999999999999893,-0.02120791222884577,0.007500000000000007,"[6895,6915,6935,6955,6975]",100,50,1,c66c87c6045967a8e40aeb74a39d408de1f3d89701542aaca6bbf9c3c584187a,273a10020d236b0a40d79732b43231f5b54f74d4b0a0c60bfefdeffa240367f4,be6268486a8beef3f97dc4355d308f8e3843d56a51eade8073d80c5b2ebfaba3,d6506ac3a7259e8b613b686fdc99e2b7161113626dfb4c54ec7b631d6a8572b3,SUCCEEDED,,nan
